Workbook
Name Periodes: 'Taux'!$H$6:$H$6

Sheet Global
B2: GLOBAL countries: Stock analysis
B5: Available source perimeter: 6 countries. Nordics stock excludes the separate CST account.
B8: Countries | H8: 2026Q1 | K8: 2026Q2 | N8: Evolution current / prior
B11: Austria | H11: =IF(ISNUMBER('GraphData'!B7),'GraphData'!B7,"n.d.") -> n.d. | K11: =IF(ISNUMBER('GraphData'!C7),'GraphData'!C7,"n.d.") -> 11992.29 | N11: =IF(ISNUMBER('GraphData'!D7),'GraphData'!D7,"n.d.") -> n.d.
B12: Italy | H12: =IF(ISNUMBER('GraphData'!B8),'GraphData'!B8,"n.d.") -> n.d. | K12: =IF(ISNUMBER('GraphData'!C8),'GraphData'!C8,"n.d.") -> 3127146 | N12: =IF(ISNUMBER('GraphData'!D8),'GraphData'!D8,"n.d.") -> n.d.
B13: South Africa | H13: =IF(ISNUMBER('GraphData'!B9),'GraphData'!B9,"n.d.") -> n.d. | K13: =IF(ISNUMBER('GraphData'!C9),'GraphData'!C9,"n.d.") -> 1905080.9 | N13: =IF(ISNUMBER('GraphData'!D9),'GraphData'!D9,"n.d.") -> n.d.
B14: Denmark | H14: =IF(ISNUMBER('GraphData'!B10),'GraphData'!B10,"n.d.") -> n.d. | K14: =IF(ISNUMBER('GraphData'!C10),'GraphData'!C10,"n.d.") -> 24388.74 | N14: =IF(ISNUMBER('GraphData'!D10),'GraphData'!D10,"n.d.") -> n.d.
B15: Norway | H15: =IF(ISNUMBER('GraphData'!B11),'GraphData'!B11,"n.d.") -> n.d. | K15: =IF(ISNUMBER('GraphData'!C11),'GraphData'!C11,"n.d.") -> 10807.639 | N15: =IF(ISNUMBER('GraphData'!D11),'GraphData'!D11,"n.d.") -> n.d.
B16: Sweden | H16: =IF(ISNUMBER('GraphData'!B12),'GraphData'!B12,"n.d.") -> n.d. | K16: =IF(ISNUMBER('GraphData'!C12),'GraphData'!C12,"n.d.") -> 14140.069 | N16: =IF(ISNUMBER('GraphData'!D12),'GraphData'!D12,"n.d.") -> n.d.
B17: TOTAL available perimeter | H17: =IF(COUNT(H11:H16)=6,SUM(H11:H16),"n.d.") -> n.d. | K17: =IF(COUNT(K11:K16)=6,SUM(K11:K16),"n.d.") -> 5093555.6 | N17: =IF(OR(COUNT(H17,K17)<>2,H17=0),"n.d.",K17/H17-1) -> n.d.
B24: Identified stock = stock to be processed + unreachable customers where this category applies.
B26: The lower chart isolates stock still to be processed. Vintage buckets are calculated from KPI_2.
B28: 2026Q1 has not been imported. The comparison is left unavailable.
B42: Positive Balance 2026Q2 Source: country workbooks and Taux.xlsx Internal
B46: GLOBAL countries: Monthly inflow and treatment efficiency
B49: EUR amounts. M-5 efficiency uses the oldest cohort in each reporting snapshot. Available source perimeter: 6 countries. Nordics stock excludes the separate CST account.
O52: Monthly flow in EUR | T52: Monthly average | V52: Jun-26 | X52: May-26 | Z52: Apr-26 | AB52: Mar-26 | AD52: Feb-26 | AF52: Jan-26
O55: Total available | T55: =IF(COUNT(T56,T57,T58,T59,T60,T61)=6,SUM(T56,T57,T58,T59,T60,T61),"n.d.") -> 1376029.1 | V55: =IF(COUNT('GraphData'!B23,'GraphData'!C23,'GraphData'!D23,'GraphData'!E23,'GraphData'!F23,'GraphData'!G23)=6,SUM('GraphData'!B23,'GraphData'!C23,'GraphData'!D23,'GraphData'!E23,'GraphData'!F23,'GraphData'!G23),"n.d.") -> 1248712.8 | X55: =IF(COUNT('GraphData'!B22,'GraphData'!C22,'GraphData'!D22,'GraphData'!E22,'GraphData'!F22,'GraphData'!G22)=6,SUM('GraphData'!B22,'GraphData'!C22,'GraphData'!D22,'GraphData'!E22,'GraphData'!F22,'GraphData'!G22),"n.d.") -> 1689854.7 | Z55: =IF(COUNT('GraphData'!B21,'GraphData'!C21,'GraphData'!D21,'GraphData'!E21,'GraphData'!F21,'GraphData'!G21)=6,SUM('GraphData'!B21,'GraphData'!C21,'GraphData'!D21,'GraphData'!E21,'GraphData'!F21,'GraphData'!G21),"n.d.") -> 1458762.6 | AB55: =IF(COUNT('GraphData'!B20,'GraphData'!C20,'GraphData'!D20,'GraphData'!E20,'GraphData'!F20,'GraphData'!G20)=6,SUM('GraphData'!B20,'GraphData'!C20,'GraphData'!D20,'GraphData'!E20,'GraphData'!F20,'GraphData'!G20),"n.d.") -> 1516785.7 | AD55: =IF(COUNT('GraphData'!B19,'GraphData'!C19,'GraphData'!D19,'GraphData'!E19,'GraphData'!F19,'GraphData'!G19)=6,SUM('GraphData'!B19,'GraphData'!C19,'GraphData'!D19,'GraphData'!E19,'GraphData'!F19,'GraphData'!G19),"n.d.") -> 1180210.9 | AF55: =IF(COUNT('GraphData'!B18,'GraphData'!C18,'GraphData'!D18,'GraphData'!E18,'GraphData'!F18,'GraphData'!G18)=6,SUM('GraphData'!B18,'GraphData'!C18,'GraphData'!D18,'GraphData'!E18,'GraphData'!F18,'GraphData'!G18),"n.d.") -> 1161847.9
O56: Austria | T56: =IF(OR(COUNTIFS('Consolidation'!$A$6:$A$11,"2026Q2",'Consolidation'!$B$6:$B$11,"AT")<>1,COUNTIFS('Consolidation'!$A$6:$A$11,"2026Q2",'Consolidation'!$B$6:$B$11,"AT",'Consolidation'!$W$6:$W$11,"n.d.")>0),"n.d.",SUMIFS('Consolidation'!$W$6:$W$11,'Consolidation'!$A$6:$A$11,"2026Q2",'Consolidation'!$B$6:$B$11,"AT")) -> 9124.2433 | V56: =IF(ISNUMBER('GraphData'!B23),'GraphData'!B23,"n.d.") -> 3156.52 | X56: =IF(ISNUMBER('GraphData'!B22),'GraphData'!B22,"n.d.") -> 11020.09 | Z56: =IF(ISNUMBER('GraphData'!B21),'GraphData'!B21,"n.d.") -> 4747.02 | AB56: =IF(ISNUMBER('GraphData'!B20),'GraphData'!B20,"n.d.") -> 25273.23 | AD56: =IF(ISNUMBER('GraphData'!B19),'GraphData'!B19,"n.d.") -> 6335.46 | AF56: =IF(ISNUMBER('GraphData'!B18),'GraphData'!B18,"n.d.") -> 4213.14
O57: Italy | T57: =IF(OR(COUNTIFS('Consolidation'!$A$6:$A$11,"2026Q2",'Consolidation'!$B$6:$B$11,"IT")<>1,COUNTIFS('Consolidation'!$A$6:$A$11,"2026Q2",'Consolidation'!$B$6:$B$11,"IT",'Consolidation'!$W$6:$W$11,"n.d.")>0),"n.d.",SUMIFS('Consolidation'!$W$6:$W$11,'Consolidation'!$A$6:$A$11,"2026Q2",'Consolidation'!$B$6:$B$11,"IT")) -> 1113086.7 | V57: =IF(ISNUMBER('GraphData'!C23),'GraphData'!C23,"n.d.") -> 977488.48 | X57: =IF(ISNUMBER('GraphData'!C22),'GraphData'!C22,"n.d.") -> 1425617.1 | Z57: =IF(ISNUMBER('GraphData'!C21),'GraphData'!C21,"n.d.") -> 1199203.8 | AB57: =IF(ISNUMBER('GraphData'!C20),'GraphData'!C20,"n.d.") -> 1177760.6 | AD57: =IF(ISNUMBER('GraphData'!C19),'GraphData'!C19,"n.d.") -> 951551.94 | AF57: =IF(ISNUMBER('GraphData'!C18),'GraphData'!C18,"n.d.") -> 946898.07
O58: South Africa | T58: =IF(OR(COUNTIFS('Consolidation'!$A$6:$A$11,"2026Q2",'Consolidation'!$B$6:$B$11,"ZA")<>1,COUNTIFS('Consolidation'!$A$6:$A$11,"2026Q2",'Consolidation'!$B$6:$B$11,"ZA",'Consolidation'!$W$6:$W$11,"n.d.")>0),"n.d.",SUMIFS('Consolidation'!$W$6:$W$11,'Consolidation'!$A$6:$A$11,"2026Q2",'Consolidation'!$B$6:$B$11,"ZA")) -> 195974.11 | V58: =IF(ISNUMBER('GraphData'!D23),'GraphData'!D23,"n.d.") -> 225610.21 | X58: =IF(ISNUMBER('GraphData'!D22),'GraphData'!D22,"n.d.") -> 206318.83 | Z58: =IF(ISNUMBER('GraphData'!D21),'GraphData'!D21,"n.d.") -> 200004.48 | AB58: =IF(ISNUMBER('GraphData'!D20),'GraphData'!D20,"n.d.") -> 211900.11 | AD58: =IF(ISNUMBER('GraphData'!D19),'GraphData'!D19,"n.d.") -> 171151.72 | AF58: =IF(ISNUMBER('GraphData'!D18),'GraphData'!D18,"n.d.") -> 160859.29
O59: Denmark | T59: =IF(OR(COUNTIFS('Consolidation'!$A$6:$A$11,"2026Q2",'Consolidation'!$B$6:$B$11,"DK")<>1,COUNTIFS('Consolidation'!$A$6:$A$11,"2026Q2",'Consolidation'!$B$6:$B$11,"DK",'Consolidation'!$W$6:$W$11,"n.d.")>0),"n.d.",SUMIFS('Consolidation'!$W$6:$W$11,'Consolidation'!$A$6:$A$11,"2026Q2",'Consolidation'!$B$6:$B$11,"DK")) -> 19196.445 | V59: =IF(ISNUMBER('GraphData'!E23),'GraphData'!E23,"n.d.") -> 11699.288 | X59: =IF(ISNUMBER('GraphData'!E22),'GraphData'!E22,"n.d.") -> 21741.322 | Z59: =IF(ISNUMBER('GraphData'!E21),'GraphData'!E21,"n.d.") -> 15036.561 | AB59: =IF(ISNUMBER('GraphData'!E20),'GraphData'!E20,"n.d.") -> 14889.542 | AD59: =IF(ISNUMBER('GraphData'!E19),'GraphData'!E19,"n.d.") -> 34334.79 | AF59: =IF(ISNUMBER('GraphData'!E18),'GraphData'!E18,"n.d.") -> 17477.168
O60: Norway | T60: =IF(OR(COUNTIFS('Consolidation'!$A$6:$A$11,"2026Q2",'Consolidation'!$B$6:$B$11,"NO")<>1,COUNTIFS('Consolidation'!$A$6:$A$11,"2026Q2",'Consolidation'!$B$6:$B$11,"NO",'Consolidation'!$W$6:$W$11,"n.d.")>0),"n.d.",SUMIFS('Consolidation'!$W$6:$W$11,'Consolidation'!$A$6:$A$11,"2026Q2",'Consolidation'!$B$6:$B$11,"NO")) -> 10244.301 | V60: =IF(ISNUMBER('GraphData'!F23),'GraphData'!F23,"n.d.") -> 5700.0426 | X60: =IF(ISNUMBER('GraphData'!F22),'GraphData'!F22,"n.d.") -> 12779.255 | Z60: =IF(ISNUMBER('GraphData'!F21),'GraphData'!F21,"n.d.") -> 5086.4277 | AB60: =IF(ISNUMBER('GraphData'!F20),'GraphData'!F20,"n.d.") -> 21895.591 | AD60: =IF(ISNUMBER('GraphData'!F19),'GraphData'!F19,"n.d.") -> 6024.428 | AF60: =IF(ISNUMBER('GraphData'!F18),'GraphData'!F18,"n.d.") -> 9980.0635
O61: Sweden | T61: =IF(OR(COUNTIFS('Consolidation'!$A$6:$A$11,"2026Q2",'Consolidation'!$B$6:$B$11,"SE")<>1,COUNTIFS('Consolidation'!$A$6:$A$11,"2026Q2",'Consolidation'!$B$6:$B$11,"SE",'Consolidation'!$W$6:$W$11,"n.d.")>0),"n.d.",SUMIFS('Consolidation'!$W$6:$W$11,'Consolidation'!$A$6:$A$11,"2026Q2",'Consolidation'!$B$6:$B$11,"SE")) -> 28403.328 | V61: =IF(ISNUMBER('GraphData'!G23),'GraphData'!G23,"n.d.") -> 25058.217 | X61: =IF(ISNUMBER('GraphData'!G22),'GraphData'!G22,"n.d.") -> 12378.132 | Z61: =IF(ISNUMBER('GraphData'!G21),'GraphData'!G21,"n.d.") -> 34684.352 | AB61: =IF(ISNUMBER('GraphData'!G20),'GraphData'!G20,"n.d.") -> 65066.573 | AD61: =IF(ISNUMBER('GraphData'!G19),'GraphData'!G19,"n.d.") -> 10812.555 | AF61: =IF(ISNUMBER('GraphData'!G18),'GraphData'!G18,"n.d.") -> 22420.142
O65: Efficiency in amount | X65: Efficiency in number
O66: Country | S66: 2026Q1 | U66: 2026Q2 | X66: Country | AB66: 2026Q1 | AD66: 2026Q2
O68: Austria | S68: n.d. | U68: ='GraphData'!E29 -> 0.90087203 | X68: Austria | AB68: n.d. | AD68: ='GraphData'!C29 -> 0.77272727
O69: Italy | S69: n.d. | U69: ='GraphData'!E30 -> 0.98437849 | X69: Italy | AB69: n.d. | AD69: ='GraphData'!C30 -> 0.9484959
O70: South Africa | S70: n.d. | U70: ='GraphData'!E31 -> 0.64934305 | X70: South Africa | AB70: n.d. | AD70: ='GraphData'!C31 -> 0.85499812
O71: Denmark | S71: n.d. | U71: ='GraphData'!E32 -> 1 | X71: Denmark | AB71: n.d. | AD71: ='GraphData'!C32 -> 1
O72: Norway | S72: n.d. | U72: ='GraphData'!E33 -> 0.94101649 | X72: Norway | AB72: n.d. | AD72: ='GraphData'!C33 -> 0.9924812
O73: Sweden | S73: n.d. | U73: ='GraphData'!E34 -> 1 | X73: Sweden | AB73: n.d. | AD73: ='GraphData'!C34 -> 1
O75: Previous-quarter series are omitted until that snapshot is imported.
B86: Positive Balance 2026Q2 Source: country workbooks and Taux.xlsx Internal

Sheet CORE Stock
B2: CORE countries: Stock analysis
B5: Available source perimeter: 3 countries.
B8: Countries | H8: 2026Q1 | K8: 2026Q2 | N8: Evolution current / prior
B11: Austria | H11: =IF(ISNUMBER('GraphData'!B40),'GraphData'!B40,"n.d.") -> n.d. | K11: =IF(ISNUMBER('GraphData'!C40),'GraphData'!C40,"n.d.") -> 11992.29 | N11: =IF(ISNUMBER('GraphData'!D40),'GraphData'!D40,"n.d.") -> n.d.
B12: Italy | H12: =IF(ISNUMBER('GraphData'!B41),'GraphData'!B41,"n.d.") -> n.d. | K12: =IF(ISNUMBER('GraphData'!C41),'GraphData'!C41,"n.d.") -> 3127146 | N12: =IF(ISNUMBER('GraphData'!D41),'GraphData'!D41,"n.d.") -> n.d.
B13: South Africa | H13: =IF(ISNUMBER('GraphData'!B42),'GraphData'!B42,"n.d.") -> n.d. | K13: =IF(ISNUMBER('GraphData'!C42),'GraphData'!C42,"n.d.") -> 1905080.9 | N13: =IF(ISNUMBER('GraphData'!D42),'GraphData'!D42,"n.d.") -> n.d.
B14: TOTAL available perimeter | H14: =IF(COUNT(H11:H13)=3,SUM(H11:H13),"n.d.") -> n.d. | K14: =IF(COUNT(K11:K13)=3,SUM(K11:K13),"n.d.") -> 5044219.2 | N14: =IF(OR(COUNT(H14,K14)<>2,H14=0),"n.d.",K14/H14-1) -> n.d.
B24: Identified stock = stock to be processed + unreachable customers where this category applies.
B26: The lower chart isolates stock still to be processed. Vintage buckets are calculated from KPI_2.
B28: 2026Q1 has not been imported. The comparison is left unavailable.
B42: Positive Balance 2026Q2 Source: country workbooks and Taux.xlsx Internal

Sheet CORE Flows
B2: CORE countries: Monthly inflow and treatment efficiency
B5: EUR amounts. M-5 efficiency uses the oldest cohort in each reporting snapshot. Available source perimeter: 3 countries.
O8: Monthly flow in EUR | T8: Monthly average | V8: Jun-26 | X8: May-26 | Z8: Apr-26 | AB8: Mar-26 | AD8: Feb-26 | AF8: Jan-26
O11: Total available | T11: =IF(COUNT(T12,T13,T14)=3,SUM(T12,T13,T14),"n.d.") -> 1318185 | V11: =IF(COUNT('GraphData'!B53,'GraphData'!C53,'GraphData'!D53)=3,SUM('GraphData'!B53,'GraphData'!C53,'GraphData'!D53),"n.d.") -> 1206255.2 | X11: =IF(COUNT('GraphData'!B52,'GraphData'!C52,'GraphData'!D52)=3,SUM('GraphData'!B52,'GraphData'!C52,'GraphData'!D52),"n.d.") -> 1642956 | Z11: =IF(COUNT('GraphData'!B51,'GraphData'!C51,'GraphData'!D51)=3,SUM('GraphData'!B51,'GraphData'!C51,'GraphData'!D51),"n.d.") -> 1403955.3 | AB11: =IF(COUNT('GraphData'!B50,'GraphData'!C50,'GraphData'!D50)=3,SUM('GraphData'!B50,'GraphData'!C50,'GraphData'!D50),"n.d.") -> 1414934 | AD11: =IF(COUNT('GraphData'!B49,'GraphData'!C49,'GraphData'!D49)=3,SUM('GraphData'!B49,'GraphData'!C49,'GraphData'!D49),"n.d.") -> 1129039.1 | AF11: =IF(COUNT('GraphData'!B48,'GraphData'!C48,'GraphData'!D48)=3,SUM('GraphData'!B48,'GraphData'!C48,'GraphData'!D48),"n.d.") -> 1111970.5
O12: Austria | T12: =IF(OR(COUNTIFS('Consolidation'!$A$6:$A$11,"2026Q2",'Consolidation'!$B$6:$B$11,"AT")<>1,COUNTIFS('Consolidation'!$A$6:$A$11,"2026Q2",'Consolidation'!$B$6:$B$11,"AT",'Consolidation'!$W$6:$W$11,"n.d.")>0),"n.d.",SUMIFS('Consolidation'!$W$6:$W$11,'Consolidation'!$A$6:$A$11,"2026Q2",'Consolidation'!$B$6:$B$11,"AT")) -> 9124.2433 | V12: =IF(ISNUMBER('GraphData'!B53),'GraphData'!B53,"n.d.") -> 3156.52 | X12: =IF(ISNUMBER('GraphData'!B52),'GraphData'!B52,"n.d.") -> 11020.09 | Z12: =IF(ISNUMBER('GraphData'!B51),'GraphData'!B51,"n.d.") -> 4747.02 | AB12: =IF(ISNUMBER('GraphData'!B50),'GraphData'!B50,"n.d.") -> 25273.23 | AD12: =IF(ISNUMBER('GraphData'!B49),'GraphData'!B49,"n.d.") -> 6335.46 | AF12: =IF(ISNUMBER('GraphData'!B48),'GraphData'!B48,"n.d.") -> 4213.14
O13: Italy | T13: =IF(OR(COUNTIFS('Consolidation'!$A$6:$A$11,"2026Q2",'Consolidation'!$B$6:$B$11,"IT")<>1,COUNTIFS('Consolidation'!$A$6:$A$11,"2026Q2",'Consolidation'!$B$6:$B$11,"IT",'Consolidation'!$W$6:$W$11,"n.d.")>0),"n.d.",SUMIFS('Consolidation'!$W$6:$W$11,'Consolidation'!$A$6:$A$11,"2026Q2",'Consolidation'!$B$6:$B$11,"IT")) -> 1113086.7 | V13: =IF(ISNUMBER('GraphData'!C53),'GraphData'!C53,"n.d.") -> 977488.48 | X13: =IF(ISNUMBER('GraphData'!C52),'GraphData'!C52,"n.d.") -> 1425617.1 | Z13: =IF(ISNUMBER('GraphData'!C51),'GraphData'!C51,"n.d.") -> 1199203.8 | AB13: =IF(ISNUMBER('GraphData'!C50),'GraphData'!C50,"n.d.") -> 1177760.6 | AD13: =IF(ISNUMBER('GraphData'!C49),'GraphData'!C49,"n.d.") -> 951551.94 | AF13: =IF(ISNUMBER('GraphData'!C48),'GraphData'!C48,"n.d.") -> 946898.07
O14: South Africa | T14: =IF(OR(COUNTIFS('Consolidation'!$A$6:$A$11,"2026Q2",'Consolidation'!$B$6:$B$11,"ZA")<>1,COUNTIFS('Consolidation'!$A$6:$A$11,"2026Q2",'Consolidation'!$B$6:$B$11,"ZA",'Consolidation'!$W$6:$W$11,"n.d.")>0),"n.d.",SUMIFS('Consolidation'!$W$6:$W$11,'Consolidation'!$A$6:$A$11,"2026Q2",'Consolidation'!$B$6:$B$11,"ZA")) -> 195974.11 | V14: =IF(ISNUMBER('GraphData'!D53),'GraphData'!D53,"n.d.") -> 225610.21 | X14: =IF(ISNUMBER('GraphData'!D52),'GraphData'!D52,"n.d.") -> 206318.83 | Z14: =IF(ISNUMBER('GraphData'!D51),'GraphData'!D51,"n.d.") -> 200004.48 | AB14: =IF(ISNUMBER('GraphData'!D50),'GraphData'!D50,"n.d.") -> 211900.11 | AD14: =IF(ISNUMBER('GraphData'!D49),'GraphData'!D49,"n.d.") -> 171151.72 | AF14: =IF(ISNUMBER('GraphData'!D48),'GraphData'!D48,"n.d.") -> 160859.29
O21: Efficiency in amount | X21: Efficiency in number
O22: Country | S22: 2026Q1 | U22: 2026Q2 | X22: Country | AB22: 2026Q1 | AD22: 2026Q2
O24: Austria | S24: n.d. | U24: ='GraphData'!E59 -> 0.90087203 | X24: Austria | AB24: n.d. | AD24: ='GraphData'!C59 -> 0.77272727
O25: Italy | S25: n.d. | U25: ='GraphData'!E60 -> 0.98437849 | X25: Italy | AB25: n.d. | AD25: ='GraphData'!C60 -> 0.9484959
O26: South Africa | S26: n.d. | U26: ='GraphData'!E61 -> 0.64934305 | X26: South Africa | AB26: n.d. | AD26: ='GraphData'!C61 -> 0.85499812
O28: Previous-quarter series are omitted until that snapshot is imported.
B42: Positive Balance 2026Q2 Source: country workbooks and Taux.xlsx Internal

Sheet NON CORE Stock
B2: NON CORE countries: Stock analysis
B5: Available source perimeter: 3 countries. Nordics stock excludes the separate CST account.
B8: Countries | H8: 2026Q1 | K8: 2026Q2 | N8: Evolution current / prior | R8: Stock in EUR | W8: Total | Z8: <2025 | AB8: 2025 | AD8: 2026
B11: Denmark | H11: =IF(ISNUMBER('GraphData'!B67),'GraphData'!B67,"n.d.") -> n.d. | K11: =IF(ISNUMBER('GraphData'!C67),'GraphData'!C67,"n.d.") -> 24388.74 | N11: =IF(ISNUMBER('GraphData'!D67),'GraphData'!D67,"n.d.") -> n.d. | R11: Denmark | W11: =IF(ISNUMBER('GraphData'!C67),'GraphData'!C67,"n.d.") -> 24388.74 | Z11: =IF(ISNUMBER('GraphData'!F67),'GraphData'!F67,"n.d.") -> 0 | AB11: =IF(ISNUMBER('GraphData'!G67),'GraphData'!G67,"n.d.") -> 3.1149283e-11 | AD11: =IF(ISNUMBER('GraphData'!H67),'GraphData'!H67,"n.d.") -> 24388.74
B12: Norway | H12: =IF(ISNUMBER('GraphData'!B68),'GraphData'!B68,"n.d.") -> n.d. | K12: =IF(ISNUMBER('GraphData'!C68),'GraphData'!C68,"n.d.") -> 10807.639 | N12: =IF(ISNUMBER('GraphData'!D68),'GraphData'!D68,"n.d.") -> n.d. | R12: Norway | W12: =IF(ISNUMBER('GraphData'!C68),'GraphData'!C68,"n.d.") -> 10807.639 | Z12: =IF(ISNUMBER('GraphData'!F68),'GraphData'!F68,"n.d.") -> 0 | AB12: =IF(ISNUMBER('GraphData'!G68),'GraphData'!G68,"n.d.") -> 4.1167924e-11 | AD12: =IF(ISNUMBER('GraphData'!H68),'GraphData'!H68,"n.d.") -> 10807.639
B13: Sweden | H13: =IF(ISNUMBER('GraphData'!B69),'GraphData'!B69,"n.d.") -> n.d. | K13: =IF(ISNUMBER('GraphData'!C69),'GraphData'!C69,"n.d.") -> 14140.069 | N13: =IF(ISNUMBER('GraphData'!D69),'GraphData'!D69,"n.d.") -> n.d. | R13: Sweden | W13: =IF(ISNUMBER('GraphData'!C69),'GraphData'!C69,"n.d.") -> 14140.069 | Z13: =IF(ISNUMBER('GraphData'!F69),'GraphData'!F69,"n.d.") -> 0 | AB13: =IF(ISNUMBER('GraphData'!G69),'GraphData'!G69,"n.d.") -> 0 | AD13: =IF(ISNUMBER('GraphData'!H69),'GraphData'!H69,"n.d.") -> 14140.069
B14: TOTAL available perimeter | H14: =IF(COUNT(H11:H13)=3,SUM(H11:H13),"n.d.") -> n.d. | K14: =IF(COUNT(K11:K13)=3,SUM(K11:K13),"n.d.") -> 49336.448 | N14: =IF(OR(COUNT(H14,K14)<>2,H14=0),"n.d.",K14/H14-1) -> n.d. | R14: TOTAL available | W14: =IF(COUNT(W11:W13)=3,SUM(W11:W13),"n.d.") -> 49336.448 | Z14: =IF(COUNT(Z11:Z13)=3,SUM(Z11:Z13),"n.d.") -> 0 | AB14: =IF(COUNT(AB11:AB13)=3,SUM(AB11:AB13),"n.d.") -> 7.2317207e-11 | AD14: =IF(COUNT(AD11:AD13)=3,SUM(AD11:AD13),"n.d.") -> 49336.448
R21: Waiting accounts for Nordics (CST)
R23: Country | W23: 2026Q1 EUR | AA23: 2026Q2 EUR | AE23: Change
B24: Identified stock = stock to be processed + unreachable customers where this category applies.
B26: The vintage table excludes the separate CST accounts. | R26: Denmark | W26: n.d. | AA26: n.d. | AE26: n.d.
R27: Norway | W27: n.d. | AA27: n.d. | AE27: n.d.
B28: 2026Q1 has not been imported. The comparison is left unavailable. | R28: Sweden | W28: n.d. | AA28: n.d. | AE28: n.d.
R31: CST balances are received separately and are not present in the source workbooks. Romania and Brazil are not included in this report.
B42: Positive Balance 2026Q2 Source: country workbooks and Taux.xlsx Internal

Sheet AT Austria
B2: Austria | R2: STOCK OF POSITIVE BALANCES to be processed (KPI_3) | X2: 46203
X3: Number of contracts | Z3: Total amount EUR | AC3: % in number | AE3: % in amount
B5: Reporting at 30 June 2026. Six monthly cohorts.
R7: By step of amount | U7: 0 - 1 € | X7: =IF(OR(SUMPRODUCT(--('Repartition stock'!$A$6:$A$94="2026Q2"),--('Repartition stock'!$B$6:$B$94="AT"),--('Repartition stock'!$E$6:$E$94="Tranche"),--('Repartition stock'!$F$6:$F$94="0 - 1 €"))=0,SUMPRODUCT(--('Repartition stock'!$A$6:$A$94="2026Q2"),--('Repartition stock'!$B$6:$B$94="AT"),--('Repartition stock'!$E$6:$E$94="Tranche"),--('Repartition stock'!$F$6:$F$94="0 - 1 €"),--('Repartition stock'!$G$6:$G$94="n.d."))>0),"n.d.",SUMPRODUCT(--('Repartition stock'!$A$6:$A$94="2026Q2"),--('Repartition stock'!$B$6:$B$94="AT"),--('Repartition stock'!$E$6:$E$94="Tranche"),--('Repartition stock'!$F$6:$F$94="0 - 1 €"),'Repartition stock'!$G$6:$G$94)) -> 5 | Z7: =IF(OR(SUMPRODUCT(--('Repartition stock'!$A$6:$A$94="2026Q2"),--('Repartition stock'!$B$6:$B$94="AT"),--('Repartition stock'!$E$6:$E$94="Tranche"),--('Repartition stock'!$F$6:$F$94="0 - 1 €"))=0,SUMPRODUCT(--('Repartition stock'!$A$6:$A$94="2026Q2"),--('Repartition stock'!$B$6:$B$94="AT"),--('Repartition stock'!$E$6:$E$94="Tranche"),--('Repartition stock'!$F$6:$F$94="0 - 1 €"),--('Repartition stock'!$J$6:$J$94="n.d."))>0),"n.d.",SUMPRODUCT(--('Repartition stock'!$A$6:$A$94="2026Q2"),--('Repartition stock'!$B$6:$B$94="AT"),--('Repartition stock'!$E$6:$E$94="Tranche"),--('Repartition stock'!$F$6:$F$94="0 - 1 €"),'Repartition stock'!$J$6:$J$94)) -> 1.21 | AC7: =IF(OR(COUNT(X7,X12)<>2,X12=0),"n.d.",X7/X12) -> 0.067567568 | AE7: =IF(OR(COUNT(Z7,Z12)<>2,Z12=0),"n.d.",Z7/Z12) -> 0.00010089816
U8: 1 - 10 € | X8: =IF(OR(SUMPRODUCT(--('Repartition stock'!$A$6:$A$94="2026Q2"),--('Repartition stock'!$B$6:$B$94="AT"),--('Repartition stock'!$E$6:$E$94="Tranche"),--('Repartition stock'!$F$6:$F$94="1 - 10 €"))=0,SUMPRODUCT(--('Repartition stock'!$A$6:$A$94="2026Q2"),--('Repartition stock'!$B$6:$B$94="AT"),--('Repartition stock'!$E$6:$E$94="Tranche"),--('Repartition stock'!$F$6:$F$94="1 - 10 €"),--('Repartition stock'!$G$6:$G$94="n.d."))>0),"n.d.",SUMPRODUCT(--('Repartition stock'!$A$6:$A$94="2026Q2"),--('Repartition stock'!$B$6:$B$94="AT"),--('Repartition stock'!$E$6:$E$94="Tranche"),--('Repartition stock'!$F$6:$F$94="1 - 10 €"),'Repartition stock'!$G$6:$G$94)) -> 19 | Z8: =IF(OR(SUMPRODUCT(--('Repartition stock'!$A$6:$A$94="2026Q2"),--('Repartition stock'!$B$6:$B$94="AT"),--('Repartition stock'!$E$6:$E$94="Tranche"),--('Repartition stock'!$F$6:$F$94="1 - 10 €"))=0,SUMPRODUCT(--('Repartition stock'!$A$6:$A$94="2026Q2"),--('Repartition stock'!$B$6:$B$94="AT"),--('Repartition stock'!$E$6:$E$94="Tranche"),--('Repartition stock'!$F$6:$F$94="1 - 10 €"),--('Repartition stock'!$J$6:$J$94="n.d."))>0),"n.d.",SUMPRODUCT(--('Repartition stock'!$A$6:$A$94="2026Q2"),--('Repartition stock'!$B$6:$B$94="AT"),--('Repartition stock'!$E$6:$E$94="Tranche"),--('Repartition stock'!$F$6:$F$94="1 - 10 €"),'Repartition stock'!$J$6:$J$94)) -> 83.42 | AC8: =IF(OR(COUNT(X8,X12)<>2,X12=0),"n.d.",X8/X12) -> 0.25675676 | AE8: =IF(OR(COUNT(Z8,Z12)<>2,Z12=0),"n.d.",Z8/Z12) -> 0.006956136
U9: 10 - 100 € | X9: =IF(OR(SUMPRODUCT(--('Repartition stock'!$A$6:$A$94="2026Q2"),--('Repartition stock'!$B$6:$B$94="AT"),--('Repartition stock'!$E$6:$E$94="Tranche"),--('Repartition stock'!$F$6:$F$94="10 - 100 €"))=0,SUMPRODUCT(--('Repartition stock'!$A$6:$A$94="2026Q2"),--('Repartition stock'!$B$6:$B$94="AT"),--('Repartition stock'!$E$6:$E$94="Tranche"),--('Repartition stock'!$F$6:$F$94="10 - 100 €"),--('Repartition stock'!$G$6:$G$94="n.d."))>0),"n.d.",SUMPRODUCT(--('Repartition stock'!$A$6:$A$94="2026Q2"),--('Repartition stock'!$B$6:$B$94="AT"),--('Repartition stock'!$E$6:$E$94="Tranche"),--('Repartition stock'!$F$6:$F$94="10 - 100 €"),'Repartition stock'!$G$6:$G$94)) -> 32 | Z9: =IF(OR(SUMPRODUCT(--('Repartition stock'!$A$6:$A$94="2026Q2"),--('Repartition stock'!$B$6:$B$94="AT"),--('Repartition stock'!$E$6:$E$94="Tranche"),--('Repartition stock'!$F$6:$F$94="10 - 100 €"))=0,SUMPRODUCT(--('Repartition stock'!$A$6:$A$94="2026Q2"),--('Repartition stock'!$B$6:$B$94="AT"),--('Repartition stock'!$E$6:$E$94="Tranche"),--('Repartition stock'!$F$6:$F$94="10 - 100 €"),--('Repartition stock'!$J$6:$J$94="n.d."))>0),"n.d.",SUMPRODUCT(--('Repartition stock'!$A$6:$A$94="2026Q2"),--('Repartition stock'!$B$6:$B$94="AT"),--('Repartition stock'!$E$6:$E$94="Tranche"),--('Repartition stock'!$F$6:$F$94="10 - 100 €"),'Repartition stock'!$J$6:$J$94)) -> 1265.6 | AC9: =IF(OR(COUNT(X9,X12)<>2,X12=0),"n.d.",X9/X12) -> 0.43243243 | AE9: =IF(OR(COUNT(Z9,Z12)<>2,Z12=0),"n.d.",Z9/Z12) -> 0.10553447
U10: 100 - 1 000 € | X10: =IF(OR(SUMPRODUCT(--('Repartition stock'!$A$6:$A$94="2026Q2"),--('Repartition stock'!$B$6:$B$94="AT"),--('Repartition stock'!$E$6:$E$94="Tranche"),--('Repartition stock'!$F$6:$F$94="100 - 1 000 €"))=0,SUMPRODUCT(--('Repartition stock'!$A$6:$A$94="2026Q2"),--('Repartition stock'!$B$6:$B$94="AT"),--('Repartition stock'!$E$6:$E$94="Tranche"),--('Repartition stock'!$F$6:$F$94="100 - 1 000 €"),--('Repartition stock'!$G$6:$G$94="n.d."))>0),"n.d.",SUMPRODUCT(--('Repartition stock'!$A$6:$A$94="2026Q2"),--('Repartition stock'!$B$6:$B$94="AT"),--('Repartition stock'!$E$6:$E$94="Tranche"),--('Repartition stock'!$F$6:$F$94="100 - 1 000 €"),'Repartition stock'!$G$6:$G$94)) -> 14 | Z10: =IF(OR(SUMPRODUCT(--('Repartition stock'!$A$6:$A$94="2026Q2"),--('Repartition stock'!$B$6:$B$94="AT"),--('Repartition stock'!$E$6:$E$94="Tranche"),--('Repartition stock'!$F$6:$F$94="100 - 1 000 €"))=0,SUMPRODUCT(--('Repartition stock'!$A$6:$A$94="2026Q2"),--('Repartition stock'!$B$6:$B$94="AT"),--('Repartition stock'!$E$6:$E$94="Tranche"),--('Repartition stock'!$F$6:$F$94="100 - 1 000 €"),--('Repartition stock'!$J$6:$J$94="n.d."))>0),"n.d.",SUMPRODUCT(--('Repartition stock'!$A$6:$A$94="2026Q2"),--('Repartition stock'!$B$6:$B$94="AT"),--('Repartition stock'!$E$6:$E$94="Tranche"),--('Repartition stock'!$F$6:$F$94="100 - 1 000 €"),'Repartition stock'!$J$6:$J$94)) -> 3254 | AC10: =IF(OR(COUNT(X10,X12)<>2,X12=0),"n.d.",X10/X12) -> 0.18918919 | AE10: =IF(OR(COUNT(Z10,Z12)<>2,Z12=0),"n.d.",Z10/Z12) -> 0.271341
U11: > 1 000 € | X11: =IF(OR(SUMPRODUCT(--('Repartition stock'!$A$6:$A$94="2026Q2"),--('Repartition stock'!$B$6:$B$94="AT"),--('Repartition stock'!$E$6:$E$94="Tranche"),--('Repartition stock'!$F$6:$F$94="> 1 000 €"))=0,SUMPRODUCT(--('Repartition stock'!$A$6:$A$94="2026Q2"),--('Repartition stock'!$B$6:$B$94="AT"),--('Repartition stock'!$E$6:$E$94="Tranche"),--('Repartition stock'!$F$6:$F$94="> 1 000 €"),--('Repartition stock'!$G$6:$G$94="n.d."))>0),"n.d.",SUMPRODUCT(--('Repartition stock'!$A$6:$A$94="2026Q2"),--('Repartition stock'!$B$6:$B$94="AT"),--('Repartition stock'!$E$6:$E$94="Tranche"),--('Repartition stock'!$F$6:$F$94="> 1 000 €"),'Repartition stock'!$G$6:$G$94)) -> 4 | Z11: =IF(OR(SUMPRODUCT(--('Repartition stock'!$A$6:$A$94="2026Q2"),--('Repartition stock'!$B$6:$B$94="AT"),--('Repartition stock'!$E$6:$E$94="Tranche"),--('Repartition stock'!$F$6:$F$94="> 1 000 €"))=0,SUMPRODUCT(--('Repartition stock'!$A$6:$A$94="2026Q2"),--('Repartition stock'!$B$6:$B$94="AT"),--('Repartition stock'!$E$6:$E$94="Tranche"),--('Repartition stock'!$F$6:$F$94="> 1 000 €"),--('Repartition stock'!$J$6:$J$94="n.d."))>0),"n.d.",SUMPRODUCT(--('Repartition stock'!$A$6:$A$94="2026Q2"),--('Repartition stock'!$B$6:$B$94="AT"),--('Repartition stock'!$E$6:$E$94="Tranche"),--('Repartition stock'!$F$6:$F$94="> 1 000 €"),'Repartition stock'!$J$6:$J$94)) -> 7388.06 | AC11: =IF(OR(COUNT(X11,X12)<>2,X12=0),"n.d.",X11/X12) -> 0.054054054 | AE11: =IF(OR(COUNT(Z11,Z12)<>2,Z12=0),"n.d.",Z11/Z12) -> 0.61606749
R12: Total: | X12: =IF(COUNT(X7:X11)=5,SUM(X7:X11),"n.d.") -> 74 | Z12: =IF(COUNT(Z7:Z11)=5,SUM(Z7:Z11),"n.d.") -> 11992.29 | AC12: =IF(OR(NOT(ISNUMBER(X12)),X12=0),"n.d.",1) -> 1 | AE12: =IF(OR(NOT(ISNUMBER(Z12)),Z12=0),"n.d.",1) -> 1
R14: By date of positive balance | U14: <2018 | X14: =IF(OR(SUMPRODUCT(--('Repartition stock'!$A$6:$A$94="2026Q2"),--('Repartition stock'!$B$6:$B$94="AT"),--('Repartition stock'!$E$6:$E$94="Millésime"),--('Repartition stock'!$F$6:$F$94="<2018"))=0,SUMPRODUCT(--('Repartition stock'!$A$6:$A$94="2026Q2"),--('Repartition stock'!$B$6:$B$94="AT"),--('Repartition stock'!$E$6:$E$94="Millésime"),--('Repartition stock'!$F$6:$F$94="<2018"),--('Repartition stock'!$G$6:$G$94="n.d."))>0),"n.d.",SUMPRODUCT(--('Repartition stock'!$A$6:$A$94="2026Q2"),--('Repartition stock'!$B$6:$B$94="AT"),--('Repartition stock'!$E$6:$E$94="Millésime"),--('Repartition stock'!$F$6:$F$94="<2018"),'Repartition stock'!$G$6:$G$94)) -> n.d. | Z14: =IF(OR(SUMPRODUCT(--('Repartition stock'!$A$6:$A$94="2026Q2"),--('Repartition stock'!$B$6:$B$94="AT"),--('Repartition stock'!$E$6:$E$94="Millésime"),--('Repartition stock'!$F$6:$F$94="<2018"))=0,SUMPRODUCT(--('Repartition stock'!$A$6:$A$94="2026Q2"),--('Repartition stock'!$B$6:$B$94="AT"),--('Repartition stock'!$E$6:$E$94="Millésime"),--('Repartition stock'!$F$6:$F$94="<2018"),--('Repartition stock'!$J$6:$J$94="n.d."))>0),"n.d.",SUMPRODUCT(--('Repartition stock'!$A$6:$A$94="2026Q2"),--('Repartition stock'!$B$6:$B$94="AT"),--('Repartition stock'!$E$6:$E$94="Millésime"),--('Repartition stock'!$F$6:$F$94="<2018"),'Repartition stock'!$J$6:$J$94)) -> n.d. | AC14: =IF(OR(COUNT(X14,X24)<>2,X24=0),"n.d.",X14/X24) -> n.d. | AE14: =IF(OR(COUNT(Z14,Z24)<>2,Z24=0),"n.d.",Z14/Z24) -> n.d.
U15: 2018 | X15: =IF(OR(SUMPRODUCT(--('Repartition stock'!$A$6:$A$94="2026Q2"),--('Repartition stock'!$B$6:$B$94="AT"),--('Repartition stock'!$E$6:$E$94="Millésime"),--('Repartition stock'!$F$6:$F$94="2018"))=0,SUMPRODUCT(--('Repartition stock'!$A$6:$A$94="2026Q2"),--('Repartition stock'!$B$6:$B$94="AT"),--('Repartition stock'!$E$6:$E$94="Millésime"),--('Repartition stock'!$F$6:$F$94="2018"),--('Repartition stock'!$G$6:$G$94="n.d."))>0),"n.d.",SUMPRODUCT(--('Repartition stock'!$A$6:$A$94="2026Q2"),--('Repartition stock'!$B$6:$B$94="AT"),--('Repartition stock'!$E$6:$E$94="Millésime"),--('Repartition stock'!$F$6:$F$94="2018"),'Repartition stock'!$G$6:$G$94)) -> n.d. | Z15: =IF(OR(SUMPRODUCT(--('Repartition stock'!$A$6:$A$94="2026Q2"),--('Repartition stock'!$B$6:$B$94="AT"),--('Repartition stock'!$E$6:$E$94="Millésime"),--('Repartition stock'!$F$6:$F$94="2018"))=0,SUMPRODUCT(--('Repartition stock'!$A$6:$A$94="2026Q2"),--('Repartition stock'!$B$6:$B$94="AT"),--('Repartition stock'!$E$6:$E$94="Millésime"),--('Repartition stock'!$F$6:$F$94="2018"),--('Repartition stock'!$J$6:$J$94="n.d."))>0),"n.d.",SUMPRODUCT(--('Repartition stock'!$A$6:$A$94="2026Q2"),--('Repartition stock'!$B$6:$B$94="AT"),--('Repartition stock'!$E$6:$E$94="Millésime"),--('Repartition stock'!$F$6:$F$94="2018"),'Repartition stock'!$J$6:$J$94)) -> n.d. | AC15: =IF(OR(COUNT(X15,X24)<>2,X24=0),"n.d.",X15/X24) -> n.d. | AE15: =IF(OR(COUNT(Z15,Z24)<>2,Z24=0),"n.d.",Z15/Z24) -> n.d.
U16: 2019 | X16: =IF(OR(SUMPRODUCT(--('Repartition stock'!$A$6:$A$94="2026Q2"),--('Repartition stock'!$B$6:$B$94="AT"),--('Repartition stock'!$E$6:$E$94="Millésime"),--('Repartition stock'!$F$6:$F$94="2019"))=0,SUMPRODUCT(--('Repartition stock'!$A$6:$A$94="2026Q2"),--('Repartition stock'!$B$6:$B$94="AT"),--('Repartition stock'!$E$6:$E$94="Millésime"),--('Repartition stock'!$F$6:$F$94="2019"),--('Repartition stock'!$G$6:$G$94="n.d."))>0),"n.d.",SUMPRODUCT(--('Repartition stock'!$A$6:$A$94="2026Q2"),--('Repartition stock'!$B$6:$B$94="AT"),--('Repartition stock'!$E$6:$E$94="Millésime"),--('Repartition stock'!$F$6:$F$94="2019"),'Repartition stock'!$G$6:$G$94)) -> 1 | Z16: =IF(OR(SUMPRODUCT(--('Repartition stock'!$A$6:$A$94="2026Q2"),--('Repartition stock'!$B$6:$B$94="AT"),--('Repartition stock'!$E$6:$E$94="Millésime"),--('Repartition stock'!$F$6:$F$94="2019"))=0,SUMPRODUCT(--('Repartition stock'!$A$6:$A$94="2026Q2"),--('Repartition stock'!$B$6:$B$94="AT"),--('Repartition stock'!$E$6:$E$94="Millésime"),--('Repartition stock'!$F$6:$F$94="2019"),--('Repartition stock'!$J$6:$J$94="n.d."))>0),"n.d.",SUMPRODUCT(--('Repartition stock'!$A$6:$A$94="2026Q2"),--('Repartition stock'!$B$6:$B$94="AT"),--('Repartition stock'!$E$6:$E$94="Millésime"),--('Repartition stock'!$F$6:$F$94="2019"),'Repartition stock'!$J$6:$J$94)) -> 2314.9 | AC16: =IF(OR(COUNT(X16,X24)<>2,X24=0),"n.d.",X16/X24) -> 0.013513514 | AE16: =IF(OR(COUNT(Z16,Z24)<>2,Z24=0),"n.d.",Z16/Z24) -> 0.19303236
U17: 2020 | X17: =IF(OR(SUMPRODUCT(--('Repartition stock'!$A$6:$A$94="2026Q2"),--('Repartition stock'!$B$6:$B$94="AT"),--('Repartition stock'!$E$6:$E$94="Millésime"),--('Repartition stock'!$F$6:$F$94="2020"))=0,SUMPRODUCT(--('Repartition stock'!$A$6:$A$94="2026Q2"),--('Repartition stock'!$B$6:$B$94="AT"),--('Repartition stock'!$E$6:$E$94="Millésime"),--('Repartition stock'!$F$6:$F$94="2020"),--('Repartition stock'!$G$6:$G$94="n.d."))>0),"n.d.",SUMPRODUCT(--('Repartition stock'!$A$6:$A$94="2026Q2"),--('Repartition stock'!$B$6:$B$94="AT"),--('Repartition stock'!$E$6:$E$94="Millésime"),--('Repartition stock'!$F$6:$F$94="2020"),'Repartition stock'!$G$6:$G$94)) -> 0 | Z17: =IF(OR(SUMPRODUCT(--('Repartition stock'!$A$6:$A$94="2026Q2"),--('Repartition stock'!$B$6:$B$94="AT"),--('Repartition stock'!$E$6:$E$94="Millésime"),--('Repartition stock'!$F$6:$F$94="2020"))=0,SUMPRODUCT(--('Repartition stock'!$A$6:$A$94="2026Q2"),--('Repartition stock'!$B$6:$B$94="AT"),--('Repartition stock'!$E$6:$E$94="Millésime"),--('Repartition stock'!$F$6:$F$94="2020"),--('Repartition stock'!$J$6:$J$94="n.d."))>0),"n.d.",SUMPRODUCT(--('Repartition stock'!$A$6:$A$94="2026Q2"),--('Repartition stock'!$B$6:$B$94="AT"),--('Repartition stock'!$E$6:$E$94="Millésime"),--('Repartition stock'!$F$6:$F$94="2020"),'Repartition stock'!$J$6:$J$94)) -> 0 | AC17: =IF(OR(COUNT(X17,X24)<>2,X24=0),"n.d.",X17/X24) -> 0 | AE17: =IF(OR(COUNT(Z17,Z24)<>2,Z24=0),"n.d.",Z17/Z24) -> 0
U18: 2021 | X18: =IF(OR(SUMPRODUCT(--('Repartition stock'!$A$6:$A$94="2026Q2"),--('Repartition stock'!$B$6:$B$94="AT"),--('Repartition stock'!$E$6:$E$94="Millésime"),--('Repartition stock'!$F$6:$F$94="2021"))=0,SUMPRODUCT(--('Repartition stock'!$A$6:$A$94="2026Q2"),--('Repartition stock'!$B$6:$B$94="AT"),--('Repartition stock'!$E$6:$E$94="Millésime"),--('Repartition stock'!$F$6:$F$94="2021"),--('Repartition stock'!$G$6:$G$94="n.d."))>0),"n.d.",SUMPRODUCT(--('Repartition stock'!$A$6:$A$94="2026Q2"),--('Repartition stock'!$B$6:$B$94="AT"),--('Repartition stock'!$E$6:$E$94="Millésime"),--('Repartition stock'!$F$6:$F$94="2021"),'Repartition stock'!$G$6:$G$94)) -> 1 | Z18: =IF(OR(SUMPRODUCT(--('Repartition stock'!$A$6:$A$94="2026Q2"),--('Repartition stock'!$B$6:$B$94="AT"),--('Repartition stock'!$E$6:$E$94="Millésime"),--('Repartition stock'!$F$6:$F$94="2021"))=0,SUMPRODUCT(--('Repartition stock'!$A$6:$A$94="2026Q2"),--('Repartition stock'!$B$6:$B$94="AT"),--('Repartition stock'!$E$6:$E$94="Millésime"),--('Repartition stock'!$F$6:$F$94="2021"),--('Repartition stock'!$J$6:$J$94="n.d."))>0),"n.d.",SUMPRODUCT(--('Repartition stock'!$A$6:$A$94="2026Q2"),--('Repartition stock'!$B$6:$B$94="AT"),--('Repartition stock'!$E$6:$E$94="Millésime"),--('Repartition stock'!$F$6:$F$94="2021"),'Repartition stock'!$J$6:$J$94)) -> 81.01 | AC18: =IF(OR(COUNT(X18,X24)<>2,X24=0),"n.d.",X18/X24) -> 0.013513514 | AE18: =IF(OR(COUNT(Z18,Z24)<>2,Z24=0),"n.d.",Z18/Z24) -> 0.0067551735
U19: 2022 | X19: =IF(OR(SUMPRODUCT(--('Repartition stock'!$A$6:$A$94="2026Q2"),--('Repartition stock'!$B$6:$B$94="AT"),--('Repartition stock'!$E$6:$E$94="Millésime"),--('Repartition stock'!$F$6:$F$94="2022"))=0,SUMPRODUCT(--('Repartition stock'!$A$6:$A$94="2026Q2"),--('Repartition stock'!$B$6:$B$94="AT"),--('Repartition stock'!$E$6:$E$94="Millésime"),--('Repartition stock'!$F$6:$F$94="2022"),--('Repartition stock'!$G$6:$G$94="n.d."))>0),"n.d.",SUMPRODUCT(--('Repartition stock'!$A$6:$A$94="2026Q2"),--('Repartition stock'!$B$6:$B$94="AT"),--('Repartition stock'!$E$6:$E$94="Millésime"),--('Repartition stock'!$F$6:$F$94="2022"),'Repartition stock'!$G$6:$G$94)) -> 0 | Z19: =IF(OR(SUMPRODUCT(--('Repartition stock'!$A$6:$A$94="2026Q2"),--('Repartition stock'!$B$6:$B$94="AT"),--('Repartition stock'!$E$6:$E$94="Millésime"),--('Repartition stock'!$F$6:$F$94="2022"))=0,SUMPRODUCT(--('Repartition stock'!$A$6:$A$94="2026Q2"),--('Repartition stock'!$B$6:$B$94="AT"),--('Repartition stock'!$E$6:$E$94="Millésime"),--('Repartition stock'!$F$6:$F$94="2022"),--('Repartition stock'!$J$6:$J$94="n.d."))>0),"n.d.",SUMPRODUCT(--('Repartition stock'!$A$6:$A$94="2026Q2"),--('Repartition stock'!$B$6:$B$94="AT"),--('Repartition stock'!$E$6:$E$94="Millésime"),--('Repartition stock'!$F$6:$F$94="2022"),'Repartition stock'!$J$6:$J$94)) -> 0 | AC19: =IF(OR(COUNT(X19,X24)<>2,X24=0),"n.d.",X19/X24) -> 0 | AE19: =IF(OR(COUNT(Z19,Z24)<>2,Z24=0),"n.d.",Z19/Z24) -> 0
U20: 2023 | X20: =IF(OR(SUMPRODUCT(--('Repartition stock'!$A$6:$A$94="2026Q2"),--('Repartition stock'!$B$6:$B$94="AT"),--('Repartition stock'!$E$6:$E$94="Millésime"),--('Repartition stock'!$F$6:$F$94="2023"))=0,SUMPRODUCT(--('Repartition stock'!$A$6:$A$94="2026Q2"),--('Repartition stock'!$B$6:$B$94="AT"),--('Repartition stock'!$E$6:$E$94="Millésime"),--('Repartition stock'!$F$6:$F$94="2023"),--('Repartition stock'!$G$6:$G$94="n.d."))>0),"n.d.",SUMPRODUCT(--('Repartition stock'!$A$6:$A$94="2026Q2"),--('Repartition stock'!$B$6:$B$94="AT"),--('Repartition stock'!$E$6:$E$94="Millésime"),--('Repartition stock'!$F$6:$F$94="2023"),'Repartition stock'!$G$6:$G$94)) -> 1 | Z20: =IF(OR(SUMPRODUCT(--('Repartition stock'!$A$6:$A$94="2026Q2"),--('Repartition stock'!$B$6:$B$94="AT"),--('Repartition stock'!$E$6:$E$94="Millésime"),--('Repartition stock'!$F$6:$F$94="2023"))=0,SUMPRODUCT(--('Repartition stock'!$A$6:$A$94="2026Q2"),--('Repartition stock'!$B$6:$B$94="AT"),--('Repartition stock'!$E$6:$E$94="Millésime"),--('Repartition stock'!$F$6:$F$94="2023"),--('Repartition stock'!$J$6:$J$94="n.d."))>0),"n.d.",SUMPRODUCT(--('Repartition stock'!$A$6:$A$94="2026Q2"),--('Repartition stock'!$B$6:$B$94="AT"),--('Repartition stock'!$E$6:$E$94="Millésime"),--('Repartition stock'!$F$6:$F$94="2023"),'Repartition stock'!$J$6:$J$94)) -> 47.06 | AC20: =IF(OR(COUNT(X20,X24)<>2,X24=0),"n.d.",X20/X24) -> 0.013513514 | AE20: =IF(OR(COUNT(Z20,Z24)<>2,Z24=0),"n.d.",Z20/Z24) -> 0.003924188
U21: 2024 | X21: =IF(OR(SUMPRODUCT(--('Repartition stock'!$A$6:$A$94="2026Q2"),--('Repartition stock'!$B$6:$B$94="AT"),--('Repartition stock'!$E$6:$E$94="Millésime"),--('Repartition stock'!$F$6:$F$94="2024"))=0,SUMPRODUCT(--('Repartition stock'!$A$6:$A$94="2026Q2"),--('Repartition stock'!$B$6:$B$94="AT"),--('Repartition stock'!$E$6:$E$94="Millésime"),--('Repartition stock'!$F$6:$F$94="2024"),--('Repartition stock'!$G$6:$G$94="n.d."))>0),"n.d.",SUMPRODUCT(--('Repartition stock'!$A$6:$A$94="2026Q2"),--('Repartition stock'!$B$6:$B$94="AT"),--('Repartition stock'!$E$6:$E$94="Millésime"),--('Repartition stock'!$F$6:$F$94="2024"),'Repartition stock'!$G$6:$G$94)) -> 3 | Z21: =IF(OR(SUMPRODUCT(--('Repartition stock'!$A$6:$A$94="2026Q2"),--('Repartition stock'!$B$6:$B$94="AT"),--('Repartition stock'!$E$6:$E$94="Millésime"),--('Repartition stock'!$F$6:$F$94="2024"))=0,SUMPRODUCT(--('Repartition stock'!$A$6:$A$94="2026Q2"),--('Repartition stock'!$B$6:$B$94="AT"),--('Repartition stock'!$E$6:$E$94="Millésime"),--('Repartition stock'!$F$6:$F$94="2024"),--('Repartition stock'!$J$6:$J$94="n.d."))>0),"n.d.",SUMPRODUCT(--('Repartition stock'!$A$6:$A$94="2026Q2"),--('Repartition stock'!$B$6:$B$94="AT"),--('Repartition stock'!$E$6:$E$94="Millésime"),--('Repartition stock'!$F$6:$F$94="2024"),'Repartition stock'!$J$6:$J$94)) -> 3734.12 | AC21: =IF(OR(COUNT(X21,X24)<>2,X24=0),"n.d.",X21/X24) -> 0.040540541 | AE21: =IF(OR(COUNT(Z21,Z24)<>2,Z24=0),"n.d.",Z21/Z24) -> 0.31137673
U22: 2025 | X22: =IF(OR(SUMPRODUCT(--('Repartition stock'!$A$6:$A$94="2026Q2"),--('Repartition stock'!$B$6:$B$94="AT"),--('Repartition stock'!$E$6:$E$94="Millésime"),--('Repartition stock'!$F$6:$F$94="2025"))=0,SUMPRODUCT(--('Repartition stock'!$A$6:$A$94="2026Q2"),--('Repartition stock'!$B$6:$B$94="AT"),--('Repartition stock'!$E$6:$E$94="Millésime"),--('Repartition stock'!$F$6:$F$94="2025"),--('Repartition stock'!$G$6:$G$94="n.d."))>0),"n.d.",SUMPRODUCT(--('Repartition stock'!$A$6:$A$94="2026Q2"),--('Repartition stock'!$B$6:$B$94="AT"),--('Repartition stock'!$E$6:$E$94="Millésime"),--('Repartition stock'!$F$6:$F$94="2025"),'Repartition stock'!$G$6:$G$94)) -> 3 | Z22: =IF(OR(SUMPRODUCT(--('Repartition stock'!$A$6:$A$94="2026Q2"),--('Repartition stock'!$B$6:$B$94="AT"),--('Repartition stock'!$E$6:$E$94="Millésime"),--('Repartition stock'!$F$6:$F$94="2025"))=0,SUMPRODUCT(--('Repartition stock'!$A$6:$A$94="2026Q2"),--('Repartition stock'!$B$6:$B$94="AT"),--('Repartition stock'!$E$6:$E$94="Millésime"),--('Repartition stock'!$F$6:$F$94="2025"),--('Repartition stock'!$J$6:$J$94="n.d."))>0),"n.d.",SUMPRODUCT(--('Repartition stock'!$A$6:$A$94="2026Q2"),--('Repartition stock'!$B$6:$B$94="AT"),--('Repartition stock'!$E$6:$E$94="Millésime"),--('Repartition stock'!$F$6:$F$94="2025"),'Repartition stock'!$J$6:$J$94)) -> 429.88 | AC22: =IF(OR(COUNT(X22,X24)<>2,X24=0),"n.d.",X22/X24) -> 0.040540541 | AE22: =IF(OR(COUNT(Z22,Z24)<>2,Z24=0),"n.d.",Z22/Z24) -> 0.035846365
U23: 2026 | X23: =IF(OR(SUMPRODUCT(--('Repartition stock'!$A$6:$A$94="2026Q2"),--('Repartition stock'!$B$6:$B$94="AT"),--('Repartition stock'!$E$6:$E$94="Millésime"),--('Repartition stock'!$F$6:$F$94="2026"))=0,SUMPRODUCT(--('Repartition stock'!$A$6:$A$94="2026Q2"),--('Repartition stock'!$B$6:$B$94="AT"),--('Repartition stock'!$E$6:$E$94="Millésime"),--('Repartition stock'!$F$6:$F$94="2026"),--('Repartition stock'!$G$6:$G$94="n.d."))>0),"n.d.",SUMPRODUCT(--('Repartition stock'!$A$6:$A$94="2026Q2"),--('Repartition stock'!$B$6:$B$94="AT"),--('Repartition stock'!$E$6:$E$94="Millésime"),--('Repartition stock'!$F$6:$F$94="2026"),'Repartition stock'!$G$6:$G$94)) -> 65 | Z23: =IF(OR(SUMPRODUCT(--('Repartition stock'!$A$6:$A$94="2026Q2"),--('Repartition stock'!$B$6:$B$94="AT"),--('Repartition stock'!$E$6:$E$94="Millésime"),--('Repartition stock'!$F$6:$F$94="2026"))=0,SUMPRODUCT(--('Repartition stock'!$A$6:$A$94="2026Q2"),--('Repartition stock'!$B$6:$B$94="AT"),--('Repartition stock'!$E$6:$E$94="Millésime"),--('Repartition stock'!$F$6:$F$94="2026"),--('Repartition stock'!$J$6:$J$94="n.d."))>0),"n.d.",SUMPRODUCT(--('Repartition stock'!$A$6:$A$94="2026Q2"),--('Repartition stock'!$B$6:$B$94="AT"),--('Repartition stock'!$E$6:$E$94="Millésime"),--('Repartition stock'!$F$6:$F$94="2026"),'Repartition stock'!$J$6:$J$94)) -> 5385.32 | AC23: =IF(OR(COUNT(X23,X24)<>2,X24=0),"n.d.",X23/X24) -> 0.87837838 | AE23: =IF(OR(COUNT(Z23,Z24)<>2,Z24=0),"n.d.",Z23/Z24) -> 0.44906519
R24: Total: | X24: ='Presentation inputs'!D7 -> 74 | Z24: =IF(ISNUMBER('Presentation inputs'!E7),'Presentation inputs'!E7/(IF(OR(COUNTIFS('Consolidation'!$A$6:$A$11,"2026Q2",'Consolidation'!$B$6:$B$11,"AT")<>1,COUNTIFS('Consolidation'!$A$6:$A$11,"2026Q2",'Consolidation'!$B$6:$B$11,"AT",'Consolidation'!$E$6:$E$11,"n.d.")>0),"n.d.",SUMIFS('Consolidation'!$E$6:$E$11,'Consolidation'!$A$6:$A$11,"2026Q2",'Consolidation'!$B$6:$B$11,"AT"))),"n.d.") -> 11992.29 | AC24: =IF(OR(NOT(ISNUMBER(X24)),X24=0),"n.d.",1) -> 1 | AE24: =IF(OR(NOT(ISNUMBER(Z24)),Z24=0),"n.d.",1) -> 1
R26: Some vintage details are missing. The reported total is retained.
B30: ="Average monthly new flow: "&IF(ISNUMBER('GraphData'!A86),TEXT('GraphData'!A86,"#,##0"),"n.d.")&" EUR. Average balance per contract: "&IF(ISNUMBER('GraphData'!B86),TEXT('GraphData'!B86,"#,##0"),"n.d.")&" EUR." -> Average monthly new flow: 9,124 EUR. Average balance per contract: 207 EUR.
B32: ="Oldest cohort (M-5): "&IF(ISNUMBER('GraphData'!C86),TEXT('GraphData'!C86,"0.0%"),"n.d.")&" treated in amount and "&IF(ISNUMBER('GraphData'!D86),TEXT('GraphData'!D86,"0.0%"),"n.d.")&" in number." -> Oldest cohort (M-5): 90.1% treated in amount and 77.3% in number.
B34: ="Stock to process: "&IF(ISNUMBER('GraphData'!E86),TEXT('GraphData'!E86,"#,##0"),"n.d.")&" EUR. Identified stock: "&IF(ISNUMBER('GraphData'!F86),TEXT('GraphData'!F86,"#,##0"),"n.d.")&" EUR." -> Stock to process: 11,992 EUR. Identified stock: 11,992 EUR.
B36: Prior-quarter comparison unavailable: no 2026Q1 source snapshot has been imported.
B42: Positive Balance 2026Q2 Source: country workbooks and Taux.xlsx Internal

Sheet IT Italy
B2: Italy | R2: STOCK OF POSITIVE BALANCES to be processed (KPI_3) | X2: 46203
X3: Number of contracts | Z3: Total amount EUR | AC3: % in number | AE3: % in amount
B5: Reporting at 30 June 2026. Six monthly cohorts.
R7: By step of amount | U7: 0 - 1 € | X7: =IF(OR(SUMPRODUCT(--('Repartition stock'!$A$6:$A$94="2026Q2"),--('Repartition stock'!$B$6:$B$94="IT"),--('Repartition stock'!$E$6:$E$94="Tranche"),--('Repartition stock'!$F$6:$F$94="0 - 1 €"))=0,SUMPRODUCT(--('Repartition stock'!$A$6:$A$94="2026Q2"),--('Repartition stock'!$B$6:$B$94="IT"),--('Repartition stock'!$E$6:$E$94="Tranche"),--('Repartition stock'!$F$6:$F$94="0 - 1 €"),--('Repartition stock'!$G$6:$G$94="n.d."))>0),"n.d.",SUMPRODUCT(--('Repartition stock'!$A$6:$A$94="2026Q2"),--('Repartition stock'!$B$6:$B$94="IT"),--('Repartition stock'!$E$6:$E$94="Tranche"),--('Repartition stock'!$F$6:$F$94="0 - 1 €"),'Repartition stock'!$G$6:$G$94)) -> 883 | Z7: =IF(OR(SUMPRODUCT(--('Repartition stock'!$A$6:$A$94="2026Q2"),--('Repartition stock'!$B$6:$B$94="IT"),--('Repartition stock'!$E$6:$E$94="Tranche"),--('Repartition stock'!$F$6:$F$94="0 - 1 €"))=0,SUMPRODUCT(--('Repartition stock'!$A$6:$A$94="2026Q2"),--('Repartition stock'!$B$6:$B$94="IT"),--('Repartition stock'!$E$6:$E$94="Tranche"),--('Repartition stock'!$F$6:$F$94="0 - 1 €"),--('Repartition stock'!$J$6:$J$94="n.d."))>0),"n.d.",SUMPRODUCT(--('Repartition stock'!$A$6:$A$94="2026Q2"),--('Repartition stock'!$B$6:$B$94="IT"),--('Repartition stock'!$E$6:$E$94="Tranche"),--('Repartition stock'!$F$6:$F$94="0 - 1 €"),'Repartition stock'!$J$6:$J$94)) -> 415.76 | AC7: =IF(OR(COUNT(X7,X12)<>2,X12=0),"n.d.",X7/X12) -> 0.15781948 | AE7: =IF(OR(COUNT(Z7,Z12)<>2,Z12=0),"n.d.",Z7/Z12) -> 0.00052799866
U8: 1 - 10 € | X8: =IF(OR(SUMPRODUCT(--('Repartition stock'!$A$6:$A$94="2026Q2"),--('Repartition stock'!$B$6:$B$94="IT"),--('Repartition stock'!$E$6:$E$94="Tranche"),--('Repartition stock'!$F$6:$F$94="1 - 10 €"))=0,SUMPRODUCT(--('Repartition stock'!$A$6:$A$94="2026Q2"),--('Repartition stock'!$B$6:$B$94="IT"),--('Repartition stock'!$E$6:$E$94="Tranche"),--('Repartition stock'!$F$6:$F$94="1 - 10 €"),--('Repartition stock'!$G$6:$G$94="n.d."))>0),"n.d.",SUMPRODUCT(--('Repartition stock'!$A$6:$A$94="2026Q2"),--('Repartition stock'!$B$6:$B$94="IT"),--('Repartition stock'!$E$6:$E$94="Tranche"),--('Repartition stock'!$F$6:$F$94="1 - 10 €"),'Repartition stock'!$G$6:$G$94)) -> 2368 | Z8: =IF(OR(SUMPRODUCT(--('Repartition stock'!$A$6:$A$94="2026Q2"),--('Repartition stock'!$B$6:$B$94="IT"),--('Repartition stock'!$E$6:$E$94="Tranche"),--('Repartition stock'!$F$6:$F$94="1 - 10 €"))=0,SUMPRODUCT(--('Repartition stock'!$A$6:$A$94="2026Q2"),--('Repartition stock'!$B$6:$B$94="IT"),--('Repartition stock'!$E$6:$E$94="Tranche"),--('Repartition stock'!$F$6:$F$94="1 - 10 €"),--('Repartition stock'!$J$6:$J$94="n.d."))>0),"n.d.",SUMPRODUCT(--('Repartition stock'!$A$6:$A$94="2026Q2"),--('Repartition stock'!$B$6:$B$94="IT"),--('Repartition stock'!$E$6:$E$94="Tranche"),--('Repartition stock'!$F$6:$F$94="1 - 10 €"),'Repartition stock'!$J$6:$J$94)) -> 7036.99 | AC8: =IF(OR(COUNT(X8,X12)<>2,X12=0),"n.d.",X8/X12) -> 0.42323503 | AE8: =IF(OR(COUNT(Z8,Z12)<>2,Z12=0),"n.d.",Z8/Z12) -> 0.0089366974
U9: 10 - 100 € | X9: =IF(OR(SUMPRODUCT(--('Repartition stock'!$A$6:$A$94="2026Q2"),--('Repartition stock'!$B$6:$B$94="IT"),--('Repartition stock'!$E$6:$E$94="Tranche"),--('Repartition stock'!$F$6:$F$94="10 - 100 €"))=0,SUMPRODUCT(--('Repartition stock'!$A$6:$A$94="2026Q2"),--('Repartition stock'!$B$6:$B$94="IT"),--('Repartition stock'!$E$6:$E$94="Tranche"),--('Repartition stock'!$F$6:$F$94="10 - 100 €"),--('Repartition stock'!$G$6:$G$94="n.d."))>0),"n.d.",SUMPRODUCT(--('Repartition stock'!$A$6:$A$94="2026Q2"),--('Repartition stock'!$B$6:$B$94="IT"),--('Repartition stock'!$E$6:$E$94="Tranche"),--('Repartition stock'!$F$6:$F$94="10 - 100 €"),'Repartition stock'!$G$6:$G$94)) -> 490 | Z9: =IF(OR(SUMPRODUCT(--('Repartition stock'!$A$6:$A$94="2026Q2"),--('Repartition stock'!$B$6:$B$94="IT"),--('Repartition stock'!$E$6:$E$94="Tranche"),--('Repartition stock'!$F$6:$F$94="10 - 100 €"))=0,SUMPRODUCT(--('Repartition stock'!$A$6:$A$94="2026Q2"),--('Repartition stock'!$B$6:$B$94="IT"),--('Repartition stock'!$E$6:$E$94="Tranche"),--('Repartition stock'!$F$6:$F$94="10 - 100 €"),--('Repartition stock'!$J$6:$J$94="n.d."))>0),"n.d.",SUMPRODUCT(--('Repartition stock'!$A$6:$A$94="2026Q2"),--('Repartition stock'!$B$6:$B$94="IT"),--('Repartition stock'!$E$6:$E$94="Tranche"),--('Repartition stock'!$F$6:$F$94="10 - 100 €"),'Repartition stock'!$J$6:$J$94)) -> 22684.66 | AC9: =IF(OR(COUNT(X9,X12)<>2,X12=0),"n.d.",X9/X12) -> 0.087578195 | AE9: =IF(OR(COUNT(Z9,Z12)<>2,Z12=0),"n.d.",Z9/Z12) -> 0.028808616
U10: 100 - 1 000 € | X10: =IF(OR(SUMPRODUCT(--('Repartition stock'!$A$6:$A$94="2026Q2"),--('Repartition stock'!$B$6:$B$94="IT"),--('Repartition stock'!$E$6:$E$94="Tranche"),--('Repartition stock'!$F$6:$F$94="100 - 1 000 €"))=0,SUMPRODUCT(--('Repartition stock'!$A$6:$A$94="2026Q2"),--('Repartition stock'!$B$6:$B$94="IT"),--('Repartition stock'!$E$6:$E$94="Tranche"),--('Repartition stock'!$F$6:$F$94="100 - 1 000 €"),--('Repartition stock'!$G$6:$G$94="n.d."))>0),"n.d.",SUMPRODUCT(--('Repartition stock'!$A$6:$A$94="2026Q2"),--('Repartition stock'!$B$6:$B$94="IT"),--('Repartition stock'!$E$6:$E$94="Tranche"),--('Repartition stock'!$F$6:$F$94="100 - 1 000 €"),'Repartition stock'!$G$6:$G$94)) -> 1755 | Z10: =IF(OR(SUMPRODUCT(--('Repartition stock'!$A$6:$A$94="2026Q2"),--('Repartition stock'!$B$6:$B$94="IT"),--('Repartition stock'!$E$6:$E$94="Tranche"),--('Repartition stock'!$F$6:$F$94="100 - 1 000 €"))=0,SUMPRODUCT(--('Repartition stock'!$A$6:$A$94="2026Q2"),--('Repartition stock'!$B$6:$B$94="IT"),--('Repartition stock'!$E$6:$E$94="Tranche"),--('Repartition stock'!$F$6:$F$94="100 - 1 000 €"),--('Repartition stock'!$J$6:$J$94="n.d."))>0),"n.d.",SUMPRODUCT(--('Repartition stock'!$A$6:$A$94="2026Q2"),--('Repartition stock'!$B$6:$B$94="IT"),--('Repartition stock'!$E$6:$E$94="Tranche"),--('Repartition stock'!$F$6:$F$94="100 - 1 000 €"),'Repartition stock'!$J$6:$J$94)) -> 510950.87 | AC10: =IF(OR(COUNT(X10,X12)<>2,X12=0),"n.d.",X10/X12) -> 0.31367292 | AE10: =IF(OR(COUNT(Z10,Z12)<>2,Z12=0),"n.d.",Z10/Z12) -> 0.64888728
U11: > 1 000 € | X11: =IF(OR(SUMPRODUCT(--('Repartition stock'!$A$6:$A$94="2026Q2"),--('Repartition stock'!$B$6:$B$94="IT"),--('Repartition stock'!$E$6:$E$94="Tranche"),--('Repartition stock'!$F$6:$F$94="> 1 000 €"))=0,SUMPRODUCT(--('Repartition stock'!$A$6:$A$94="2026Q2"),--('Repartition stock'!$B$6:$B$94="IT"),--('Repartition stock'!$E$6:$E$94="Tranche"),--('Repartition stock'!$F$6:$F$94="> 1 000 €"),--('Repartition stock'!$G$6:$G$94="n.d."))>0),"n.d.",SUMPRODUCT(--('Repartition stock'!$A$6:$A$94="2026Q2"),--('Repartition stock'!$B$6:$B$94="IT"),--('Repartition stock'!$E$6:$E$94="Tranche"),--('Repartition stock'!$F$6:$F$94="> 1 000 €"),'Repartition stock'!$G$6:$G$94)) -> 99 | Z11: =IF(OR(SUMPRODUCT(--('Repartition stock'!$A$6:$A$94="2026Q2"),--('Repartition stock'!$B$6:$B$94="IT"),--('Repartition stock'!$E$6:$E$94="Tranche"),--('Repartition stock'!$F$6:$F$94="> 1 000 €"))=0,SUMPRODUCT(--('Repartition stock'!$A$6:$A$94="2026Q2"),--('Repartition stock'!$B$6:$B$94="IT"),--('Repartition stock'!$E$6:$E$94="Tranche"),--('Repartition stock'!$F$6:$F$94="> 1 000 €"),--('Repartition stock'!$J$6:$J$94="n.d."))>0),"n.d.",SUMPRODUCT(--('Repartition stock'!$A$6:$A$94="2026Q2"),--('Repartition stock'!$B$6:$B$94="IT"),--('Repartition stock'!$E$6:$E$94="Tranche"),--('Repartition stock'!$F$6:$F$94="> 1 000 €"),'Repartition stock'!$J$6:$J$94)) -> 246337.96 | AC11: =IF(OR(COUNT(X11,X12)<>2,X12=0),"n.d.",X11/X12) -> 0.01769437 | AE11: =IF(OR(COUNT(Z11,Z12)<>2,Z12=0),"n.d.",Z11/Z12) -> 0.31283941
R12: Total: | X12: =IF(COUNT(X7:X11)=5,SUM(X7:X11),"n.d.") -> 5595 | Z12: =IF(COUNT(Z7:Z11)=5,SUM(Z7:Z11),"n.d.") -> 787426.24 | AC12: =IF(OR(NOT(ISNUMBER(X12)),X12=0),"n.d.",1) -> 1 | AE12: =IF(OR(NOT(ISNUMBER(Z12)),Z12=0),"n.d.",1) -> 1
R14: By date of positive balance | U14: <2018 | X14: =IF(OR(SUMPRODUCT(--('Repartition stock'!$A$6:$A$94="2026Q2"),--('Repartition stock'!$B$6:$B$94="IT"),--('Repartition stock'!$E$6:$E$94="Millésime"),--('Repartition stock'!$F$6:$F$94="<2018"))=0,SUMPRODUCT(--('Repartition stock'!$A$6:$A$94="2026Q2"),--('Repartition stock'!$B$6:$B$94="IT"),--('Repartition stock'!$E$6:$E$94="Millésime"),--('Repartition stock'!$F$6:$F$94="<2018"),--('Repartition stock'!$G$6:$G$94="n.d."))>0),"n.d.",SUMPRODUCT(--('Repartition stock'!$A$6:$A$94="2026Q2"),--('Repartition stock'!$B$6:$B$94="IT"),--('Repartition stock'!$E$6:$E$94="Millésime"),--('Repartition stock'!$F$6:$F$94="<2018"),'Repartition stock'!$G$6:$G$94)) -> n.d. | Z14: =IF(OR(SUMPRODUCT(--('Repartition stock'!$A$6:$A$94="2026Q2"),--('Repartition stock'!$B$6:$B$94="IT"),--('Repartition stock'!$E$6:$E$94="Millésime"),--('Repartition stock'!$F$6:$F$94="<2018"))=0,SUMPRODUCT(--('Repartition stock'!$A$6:$A$94="2026Q2"),--('Repartition stock'!$B$6:$B$94="IT"),--('Repartition stock'!$E$6:$E$94="Millésime"),--('Repartition stock'!$F$6:$F$94="<2018"),--('Repartition stock'!$J$6:$J$94="n.d."))>0),"n.d.",SUMPRODUCT(--('Repartition stock'!$A$6:$A$94="2026Q2"),--('Repartition stock'!$B$6:$B$94="IT"),--('Repartition stock'!$E$6:$E$94="Millésime"),--('Repartition stock'!$F$6:$F$94="<2018"),'Repartition stock'!$J$6:$J$94)) -> n.d. | AC14: =IF(OR(COUNT(X14,X24)<>2,X24=0),"n.d.",X14/X24) -> n.d. | AE14: =IF(OR(COUNT(Z14,Z24)<>2,Z24=0),"n.d.",Z14/Z24) -> n.d.
U15: 2018 | X15: =IF(OR(SUMPRODUCT(--('Repartition stock'!$A$6:$A$94="2026Q2"),--('Repartition stock'!$B$6:$B$94="IT"),--('Repartition stock'!$E$6:$E$94="Millésime"),--('Repartition stock'!$F$6:$F$94="2018"))=0,SUMPRODUCT(--('Repartition stock'!$A$6:$A$94="2026Q2"),--('Repartition stock'!$B$6:$B$94="IT"),--('Repartition stock'!$E$6:$E$94="Millésime"),--('Repartition stock'!$F$6:$F$94="2018"),--('Repartition stock'!$G$6:$G$94="n.d."))>0),"n.d.",SUMPRODUCT(--('Repartition stock'!$A$6:$A$94="2026Q2"),--('Repartition stock'!$B$6:$B$94="IT"),--('Repartition stock'!$E$6:$E$94="Millésime"),--('Repartition stock'!$F$6:$F$94="2018"),'Repartition stock'!$G$6:$G$94)) -> n.d. | Z15: =IF(OR(SUMPRODUCT(--('Repartition stock'!$A$6:$A$94="2026Q2"),--('Repartition stock'!$B$6:$B$94="IT"),--('Repartition stock'!$E$6:$E$94="Millésime"),--('Repartition stock'!$F$6:$F$94="2018"))=0,SUMPRODUCT(--('Repartition stock'!$A$6:$A$94="2026Q2"),--('Repartition stock'!$B$6:$B$94="IT"),--('Repartition stock'!$E$6:$E$94="Millésime"),--('Repartition stock'!$F$6:$F$94="2018"),--('Repartition stock'!$J$6:$J$94="n.d."))>0),"n.d.",SUMPRODUCT(--('Repartition stock'!$A$6:$A$94="2026Q2"),--('Repartition stock'!$B$6:$B$94="IT"),--('Repartition stock'!$E$6:$E$94="Millésime"),--('Repartition stock'!$F$6:$F$94="2018"),'Repartition stock'!$J$6:$J$94)) -> n.d. | AC15: =IF(OR(COUNT(X15,X24)<>2,X24=0),"n.d.",X15/X24) -> n.d. | AE15: =IF(OR(COUNT(Z15,Z24)<>2,Z24=0),"n.d.",Z15/Z24) -> n.d.
U16: 2019 | X16: =IF(OR(SUMPRODUCT(--('Repartition stock'!$A$6:$A$94="2026Q2"),--('Repartition stock'!$B$6:$B$94="IT"),--('Repartition stock'!$E$6:$E$94="Millésime"),--('Repartition stock'!$F$6:$F$94="2019"))=0,SUMPRODUCT(--('Repartition stock'!$A$6:$A$94="2026Q2"),--('Repartition stock'!$B$6:$B$94="IT"),--('Repartition stock'!$E$6:$E$94="Millésime"),--('Repartition stock'!$F$6:$F$94="2019"),--('Repartition stock'!$G$6:$G$94="n.d."))>0),"n.d.",SUMPRODUCT(--('Repartition stock'!$A$6:$A$94="2026Q2"),--('Repartition stock'!$B$6:$B$94="IT"),--('Repartition stock'!$E$6:$E$94="Millésime"),--('Repartition stock'!$F$6:$F$94="2019"),'Repartition stock'!$G$6:$G$94)) -> n.d. | Z16: =IF(OR(SUMPRODUCT(--('Repartition stock'!$A$6:$A$94="2026Q2"),--('Repartition stock'!$B$6:$B$94="IT"),--('Repartition stock'!$E$6:$E$94="Millésime"),--('Repartition stock'!$F$6:$F$94="2019"))=0,SUMPRODUCT(--('Repartition stock'!$A$6:$A$94="2026Q2"),--('Repartition stock'!$B$6:$B$94="IT"),--('Repartition stock'!$E$6:$E$94="Millésime"),--('Repartition stock'!$F$6:$F$94="2019"),--('Repartition stock'!$J$6:$J$94="n.d."))>0),"n.d.",SUMPRODUCT(--('Repartition stock'!$A$6:$A$94="2026Q2"),--('Repartition stock'!$B$6:$B$94="IT"),--('Repartition stock'!$E$6:$E$94="Millésime"),--('Repartition stock'!$F$6:$F$94="2019"),'Repartition stock'!$J$6:$J$94)) -> n.d. | AC16: =IF(OR(COUNT(X16,X24)<>2,X24=0),"n.d.",X16/X24) -> n.d. | AE16: =IF(OR(COUNT(Z16,Z24)<>2,Z24=0),"n.d.",Z16/Z24) -> n.d.
U17: 2020 | X17: =IF(OR(SUMPRODUCT(--('Repartition stock'!$A$6:$A$94="2026Q2"),--('Repartition stock'!$B$6:$B$94="IT"),--('Repartition stock'!$E$6:$E$94="Millésime"),--('Repartition stock'!$F$6:$F$94="2020"))=0,SUMPRODUCT(--('Repartition stock'!$A$6:$A$94="2026Q2"),--('Repartition stock'!$B$6:$B$94="IT"),--('Repartition stock'!$E$6:$E$94="Millésime"),--('Repartition stock'!$F$6:$F$94="2020"),--('Repartition stock'!$G$6:$G$94="n.d."))>0),"n.d.",SUMPRODUCT(--('Repartition stock'!$A$6:$A$94="2026Q2"),--('Repartition stock'!$B$6:$B$94="IT"),--('Repartition stock'!$E$6:$E$94="Millésime"),--('Repartition stock'!$F$6:$F$94="2020"),'Repartition stock'!$G$6:$G$94)) -> n.d. | Z17: =IF(OR(SUMPRODUCT(--('Repartition stock'!$A$6:$A$94="2026Q2"),--('Repartition stock'!$B$6:$B$94="IT"),--('Repartition stock'!$E$6:$E$94="Millésime"),--('Repartition stock'!$F$6:$F$94="2020"))=0,SUMPRODUCT(--('Repartition stock'!$A$6:$A$94="2026Q2"),--('Repartition stock'!$B$6:$B$94="IT"),--('Repartition stock'!$E$6:$E$94="Millésime"),--('Repartition stock'!$F$6:$F$94="2020"),--('Repartition stock'!$J$6:$J$94="n.d."))>0),"n.d.",SUMPRODUCT(--('Repartition stock'!$A$6:$A$94="2026Q2"),--('Repartition stock'!$B$6:$B$94="IT"),--('Repartition stock'!$E$6:$E$94="Millésime"),--('Repartition stock'!$F$6:$F$94="2020"),'Repartition stock'!$J$6:$J$94)) -> n.d. | AC17: =IF(OR(COUNT(X17,X24)<>2,X24=0),"n.d.",X17/X24) -> n.d. | AE17: =IF(OR(COUNT(Z17,Z24)<>2,Z24=0),"n.d.",Z17/Z24) -> n.d.
U18: 2021 | X18: =IF(OR(SUMPRODUCT(--('Repartition stock'!$A$6:$A$94="2026Q2"),--('Repartition stock'!$B$6:$B$94="IT"),--('Repartition stock'!$E$6:$E$94="Millésime"),--('Repartition stock'!$F$6:$F$94="2021"))=0,SUMPRODUCT(--('Repartition stock'!$A$6:$A$94="2026Q2"),--('Repartition stock'!$B$6:$B$94="IT"),--('Repartition stock'!$E$6:$E$94="Millésime"),--('Repartition stock'!$F$6:$F$94="2021"),--('Repartition stock'!$G$6:$G$94="n.d."))>0),"n.d.",SUMPRODUCT(--('Repartition stock'!$A$6:$A$94="2026Q2"),--('Repartition stock'!$B$6:$B$94="IT"),--('Repartition stock'!$E$6:$E$94="Millésime"),--('Repartition stock'!$F$6:$F$94="2021"),'Repartition stock'!$G$6:$G$94)) -> n.d. | Z18: =IF(OR(SUMPRODUCT(--('Repartition stock'!$A$6:$A$94="2026Q2"),--('Repartition stock'!$B$6:$B$94="IT"),--('Repartition stock'!$E$6:$E$94="Millésime"),--('Repartition stock'!$F$6:$F$94="2021"))=0,SUMPRODUCT(--('Repartition stock'!$A$6:$A$94="2026Q2"),--('Repartition stock'!$B$6:$B$94="IT"),--('Repartition stock'!$E$6:$E$94="Millésime"),--('Repartition stock'!$F$6:$F$94="2021"),--('Repartition stock'!$J$6:$J$94="n.d."))>0),"n.d.",SUMPRODUCT(--('Repartition stock'!$A$6:$A$94="2026Q2"),--('Repartition stock'!$B$6:$B$94="IT"),--('Repartition stock'!$E$6:$E$94="Millésime"),--('Repartition stock'!$F$6:$F$94="2021"),'Repartition stock'!$J$6:$J$94)) -> n.d. | AC18: =IF(OR(COUNT(X18,X24)<>2,X24=0),"n.d.",X18/X24) -> n.d. | AE18: =IF(OR(COUNT(Z18,Z24)<>2,Z24=0),"n.d.",Z18/Z24) -> n.d.
U19: 2022 | X19: =IF(OR(SUMPRODUCT(--('Repartition stock'!$A$6:$A$94="2026Q2"),--('Repartition stock'!$B$6:$B$94="IT"),--('Repartition stock'!$E$6:$E$94="Millésime"),--('Repartition stock'!$F$6:$F$94="2022"))=0,SUMPRODUCT(--('Repartition stock'!$A$6:$A$94="2026Q2"),--('Repartition stock'!$B$6:$B$94="IT"),--('Repartition stock'!$E$6:$E$94="Millésime"),--('Repartition stock'!$F$6:$F$94="2022"),--('Repartition stock'!$G$6:$G$94="n.d."))>0),"n.d.",SUMPRODUCT(--('Repartition stock'!$A$6:$A$94="2026Q2"),--('Repartition stock'!$B$6:$B$94="IT"),--('Repartition stock'!$E$6:$E$94="Millésime"),--('Repartition stock'!$F$6:$F$94="2022"),'Repartition stock'!$G$6:$G$94)) -> n.d. | Z19: =IF(OR(SUMPRODUCT(--('Repartition stock'!$A$6:$A$94="2026Q2"),--('Repartition stock'!$B$6:$B$94="IT"),--('Repartition stock'!$E$6:$E$94="Millésime"),--('Repartition stock'!$F$6:$F$94="2022"))=0,SUMPRODUCT(--('Repartition stock'!$A$6:$A$94="2026Q2"),--('Repartition stock'!$B$6:$B$94="IT"),--('Repartition stock'!$E$6:$E$94="Millésime"),--('Repartition stock'!$F$6:$F$94="2022"),--('Repartition stock'!$J$6:$J$94="n.d."))>0),"n.d.",SUMPRODUCT(--('Repartition stock'!$A$6:$A$94="2026Q2"),--('Repartition stock'!$B$6:$B$94="IT"),--('Repartition stock'!$E$6:$E$94="Millésime"),--('Repartition stock'!$F$6:$F$94="2022"),'Repartition stock'!$J$6:$J$94)) -> n.d. | AC19: =IF(OR(COUNT(X19,X24)<>2,X24=0),"n.d.",X19/X24) -> n.d. | AE19: =IF(OR(COUNT(Z19,Z24)<>2,Z24=0),"n.d.",Z19/Z24) -> n.d.
U20: 2023 | X20: =IF(OR(SUMPRODUCT(--('Repartition stock'!$A$6:$A$94="2026Q2"),--('Repartition stock'!$B$6:$B$94="IT"),--('Repartition stock'!$E$6:$E$94="Millésime"),--('Repartition stock'!$F$6:$F$94="2023"))=0,SUMPRODUCT(--('Repartition stock'!$A$6:$A$94="2026Q2"),--('Repartition stock'!$B$6:$B$94="IT"),--('Repartition stock'!$E$6:$E$94="Millésime"),--('Repartition stock'!$F$6:$F$94="2023"),--('Repartition stock'!$G$6:$G$94="n.d."))>0),"n.d.",SUMPRODUCT(--('Repartition stock'!$A$6:$A$94="2026Q2"),--('Repartition stock'!$B$6:$B$94="IT"),--('Repartition stock'!$E$6:$E$94="Millésime"),--('Repartition stock'!$F$6:$F$94="2023"),'Repartition stock'!$G$6:$G$94)) -> n.d. | Z20: =IF(OR(SUMPRODUCT(--('Repartition stock'!$A$6:$A$94="2026Q2"),--('Repartition stock'!$B$6:$B$94="IT"),--('Repartition stock'!$E$6:$E$94="Millésime"),--('Repartition stock'!$F$6:$F$94="2023"))=0,SUMPRODUCT(--('Repartition stock'!$A$6:$A$94="2026Q2"),--('Repartition stock'!$B$6:$B$94="IT"),--('Repartition stock'!$E$6:$E$94="Millésime"),--('Repartition stock'!$F$6:$F$94="2023"),--('Repartition stock'!$J$6:$J$94="n.d."))>0),"n.d.",SUMPRODUCT(--('Repartition stock'!$A$6:$A$94="2026Q2"),--('Repartition stock'!$B$6:$B$94="IT"),--('Repartition stock'!$E$6:$E$94="Millésime"),--('Repartition stock'!$F$6:$F$94="2023"),'Repartition stock'!$J$6:$J$94)) -> n.d. | AC20: =IF(OR(COUNT(X20,X24)<>2,X24=0),"n.d.",X20/X24) -> n.d. | AE20: =IF(OR(COUNT(Z20,Z24)<>2,Z24=0),"n.d.",Z20/Z24) -> n.d.
U21: 2024 | X21: =IF(OR(SUMPRODUCT(--('Repartition stock'!$A$6:$A$94="2026Q2"),--('Repartition stock'!$B$6:$B$94="IT"),--('Repartition stock'!$E$6:$E$94="Millésime"),--('Repartition stock'!$F$6:$F$94="2024"))=0,SUMPRODUCT(--('Repartition stock'!$A$6:$A$94="2026Q2"),--('Repartition stock'!$B$6:$B$94="IT"),--('Repartition stock'!$E$6:$E$94="Millésime"),--('Repartition stock'!$F$6:$F$94="2024"),--('Repartition stock'!$G$6:$G$94="n.d."))>0),"n.d.",SUMPRODUCT(--('Repartition stock'!$A$6:$A$94="2026Q2"),--('Repartition stock'!$B$6:$B$94="IT"),--('Repartition stock'!$E$6:$E$94="Millésime"),--('Repartition stock'!$F$6:$F$94="2024"),'Repartition stock'!$G$6:$G$94)) -> n.d. | Z21: =IF(OR(SUMPRODUCT(--('Repartition stock'!$A$6:$A$94="2026Q2"),--('Repartition stock'!$B$6:$B$94="IT"),--('Repartition stock'!$E$6:$E$94="Millésime"),--('Repartition stock'!$F$6:$F$94="2024"))=0,SUMPRODUCT(--('Repartition stock'!$A$6:$A$94="2026Q2"),--('Repartition stock'!$B$6:$B$94="IT"),--('Repartition stock'!$E$6:$E$94="Millésime"),--('Repartition stock'!$F$6:$F$94="2024"),--('Repartition stock'!$J$6:$J$94="n.d."))>0),"n.d.",SUMPRODUCT(--('Repartition stock'!$A$6:$A$94="2026Q2"),--('Repartition stock'!$B$6:$B$94="IT"),--('Repartition stock'!$E$6:$E$94="Millésime"),--('Repartition stock'!$F$6:$F$94="2024"),'Repartition stock'!$J$6:$J$94)) -> n.d. | AC21: =IF(OR(COUNT(X21,X24)<>2,X24=0),"n.d.",X21/X24) -> n.d. | AE21: =IF(OR(COUNT(Z21,Z24)<>2,Z24=0),"n.d.",Z21/Z24) -> n.d.
U22: 2025 | X22: =IF(OR(SUMPRODUCT(--('Repartition stock'!$A$6:$A$94="2026Q2"),--('Repartition stock'!$B$6:$B$94="IT"),--('Repartition stock'!$E$6:$E$94="Millésime"),--('Repartition stock'!$F$6:$F$94="2025"))=0,SUMPRODUCT(--('Repartition stock'!$A$6:$A$94="2026Q2"),--('Repartition stock'!$B$6:$B$94="IT"),--('Repartition stock'!$E$6:$E$94="Millésime"),--('Repartition stock'!$F$6:$F$94="2025"),--('Repartition stock'!$G$6:$G$94="n.d."))>0),"n.d.",SUMPRODUCT(--('Repartition stock'!$A$6:$A$94="2026Q2"),--('Repartition stock'!$B$6:$B$94="IT"),--('Repartition stock'!$E$6:$E$94="Millésime"),--('Repartition stock'!$F$6:$F$94="2025"),'Repartition stock'!$G$6:$G$94)) -> 1561 | Z22: =IF(OR(SUMPRODUCT(--('Repartition stock'!$A$6:$A$94="2026Q2"),--('Repartition stock'!$B$6:$B$94="IT"),--('Repartition stock'!$E$6:$E$94="Millésime"),--('Repartition stock'!$F$6:$F$94="2025"))=0,SUMPRODUCT(--('Repartition stock'!$A$6:$A$94="2026Q2"),--('Repartition stock'!$B$6:$B$94="IT"),--('Repartition stock'!$E$6:$E$94="Millésime"),--('Repartition stock'!$F$6:$F$94="2025"),--('Repartition stock'!$J$6:$J$94="n.d."))>0),"n.d.",SUMPRODUCT(--('Repartition stock'!$A$6:$A$94="2026Q2"),--('Repartition stock'!$B$6:$B$94="IT"),--('Repartition stock'!$E$6:$E$94="Millésime"),--('Repartition stock'!$F$6:$F$94="2025"),'Repartition stock'!$J$6:$J$94)) -> 137167.63 | AC22: =IF(OR(COUNT(X22,X24)<>2,X24=0),"n.d.",X22/X24) -> 0.27899911 | AE22: =IF(OR(COUNT(Z22,Z24)<>2,Z24=0),"n.d.",Z22/Z24) -> 0.17419743
U23: 2026 | X23: =IF(OR(SUMPRODUCT(--('Repartition stock'!$A$6:$A$94="2026Q2"),--('Repartition stock'!$B$6:$B$94="IT"),--('Repartition stock'!$E$6:$E$94="Millésime"),--('Repartition stock'!$F$6:$F$94="2026"))=0,SUMPRODUCT(--('Repartition stock'!$A$6:$A$94="2026Q2"),--('Repartition stock'!$B$6:$B$94="IT"),--('Repartition stock'!$E$6:$E$94="Millésime"),--('Repartition stock'!$F$6:$F$94="2026"),--('Repartition stock'!$G$6:$G$94="n.d."))>0),"n.d.",SUMPRODUCT(--('Repartition stock'!$A$6:$A$94="2026Q2"),--('Repartition stock'!$B$6:$B$94="IT"),--('Repartition stock'!$E$6:$E$94="Millésime"),--('Repartition stock'!$F$6:$F$94="2026"),'Repartition stock'!$G$6:$G$94)) -> 4034 | Z23: =IF(OR(SUMPRODUCT(--('Repartition stock'!$A$6:$A$94="2026Q2"),--('Repartition stock'!$B$6:$B$94="IT"),--('Repartition stock'!$E$6:$E$94="Millésime"),--('Repartition stock'!$F$6:$F$94="2026"))=0,SUMPRODUCT(--('Repartition stock'!$A$6:$A$94="2026Q2"),--('Repartition stock'!$B$6:$B$94="IT"),--('Repartition stock'!$E$6:$E$94="Millésime"),--('Repartition stock'!$F$6:$F$94="2026"),--('Repartition stock'!$J$6:$J$94="n.d."))>0),"n.d.",SUMPRODUCT(--('Repartition stock'!$A$6:$A$94="2026Q2"),--('Repartition stock'!$B$6:$B$94="IT"),--('Repartition stock'!$E$6:$E$94="Millésime"),--('Repartition stock'!$F$6:$F$94="2026"),'Repartition stock'!$J$6:$J$94)) -> 650258.61 | AC23: =IF(OR(COUNT(X23,X24)<>2,X24=0),"n.d.",X23/X24) -> 0.72100089 | AE23: =IF(OR(COUNT(Z23,Z24)<>2,Z24=0),"n.d.",Z23/Z24) -> 0.82580257
R24: Total: | X24: ='Presentation inputs'!D9 -> 5595 | Z24: =IF(ISNUMBER('Presentation inputs'!E9),'Presentation inputs'!E9/(IF(OR(COUNTIFS('Consolidation'!$A$6:$A$11,"2026Q2",'Consolidation'!$B$6:$B$11,"IT")<>1,COUNTIFS('Consolidation'!$A$6:$A$11,"2026Q2",'Consolidation'!$B$6:$B$11,"IT",'Consolidation'!$E$6:$E$11,"n.d.")>0),"n.d.",SUMIFS('Consolidation'!$E$6:$E$11,'Consolidation'!$A$6:$A$11,"2026Q2",'Consolidation'!$B$6:$B$11,"IT"))),"n.d.") -> 787426.24 | AC24: =IF(OR(NOT(ISNUMBER(X24)),X24=0),"n.d.",1) -> 1 | AE24: =IF(OR(NOT(ISNUMBER(Z24)),Z24=0),"n.d.",1) -> 1
R26: Some vintage details are missing. The reported total is retained.
B30: ="Average monthly new flow: "&IF(ISNUMBER('GraphData'!A103),TEXT('GraphData'!A103,"#,##0"),"n.d.")&" EUR. Average balance per contract: "&IF(ISNUMBER('GraphData'!B103),TEXT('GraphData'!B103,"#,##0"),"n.d.")&" EUR." -> Average monthly new flow: 1,113,087 EUR. Average balance per contract: 241 EUR.
B32: ="Oldest cohort (M-5): "&IF(ISNUMBER('GraphData'!C103),TEXT('GraphData'!C103,"0.0%"),"n.d.")&" treated in amount and "&IF(ISNUMBER('GraphData'!D103),TEXT('GraphData'!D103,"0.0%"),"n.d.")&" in number." -> Oldest cohort (M-5): 98.4% treated in amount and 94.8% in number.
B34: ="Stock to process: "&IF(ISNUMBER('GraphData'!E103),TEXT('GraphData'!E103,"#,##0"),"n.d.")&" EUR. Identified stock: "&IF(ISNUMBER('GraphData'!F103),TEXT('GraphData'!F103,"#,##0"),"n.d.")&" EUR." -> Stock to process: 787,426 EUR. Identified stock: 3,127,146 EUR.
B36: Prior-quarter comparison unavailable: no 2026Q1 source snapshot has been imported.
B42: Positive Balance 2026Q2 Source: country workbooks and Taux.xlsx Internal

Sheet ZA South Africa
B2: South Africa in ZAR | R2: STOCK OF POSITIVE BALANCES to be processed (KPI_3) | X2: 46203
X3: Number of contracts | Z3: Total amount ZAR | AC3: % in number | AE3: % in amount
B5: Reporting at 30 June 2026. Six monthly cohorts.
R7: By date of positive balance | U7: <2019 | X7: =IF(OR(SUMPRODUCT(--('Repartition stock'!$A$6:$A$94="2026Q2"),--('Repartition stock'!$B$6:$B$94="ZA"),--('Repartition stock'!$E$6:$E$94="Millésime"),--('Repartition stock'!$F$6:$F$94="<2019"))=0,SUMPRODUCT(--('Repartition stock'!$A$6:$A$94="2026Q2"),--('Repartition stock'!$B$6:$B$94="ZA"),--('Repartition stock'!$E$6:$E$94="Millésime"),--('Repartition stock'!$F$6:$F$94="<2019"),--('Repartition stock'!$G$6:$G$94="n.d."))>0),"n.d.",SUMPRODUCT(--('Repartition stock'!$A$6:$A$94="2026Q2"),--('Repartition stock'!$B$6:$B$94="ZA"),--('Repartition stock'!$E$6:$E$94="Millésime"),--('Repartition stock'!$F$6:$F$94="<2019"),'Repartition stock'!$G$6:$G$94)) -> 199 | Z7: =IF(OR(SUMPRODUCT(--('Repartition stock'!$A$6:$A$94="2026Q2"),--('Repartition stock'!$B$6:$B$94="ZA"),--('Repartition stock'!$E$6:$E$94="Millésime"),--('Repartition stock'!$F$6:$F$94="<2019"))=0,SUMPRODUCT(--('Repartition stock'!$A$6:$A$94="2026Q2"),--('Repartition stock'!$B$6:$B$94="ZA"),--('Repartition stock'!$E$6:$E$94="Millésime"),--('Repartition stock'!$F$6:$F$94="<2019"),--('Repartition stock'!$H$6:$H$94="n.d."))>0),"n.d.",SUMPRODUCT(--('Repartition stock'!$A$6:$A$94="2026Q2"),--('Repartition stock'!$B$6:$B$94="ZA"),--('Repartition stock'!$E$6:$E$94="Millésime"),--('Repartition stock'!$F$6:$F$94="<2019"),'Repartition stock'!$H$6:$H$94)) -> 751149.81 | AC7: =IF(OR(COUNT(X7,X16)<>2,X16=0),"n.d.",X7/X16) -> 0.0028007656 | AE7: =IF(OR(COUNT(Z7,Z16)<>2,Z16=0),"n.d.",Z7/Z16) -> 0.024091636
U8: 2019 | X8: =IF(OR(SUMPRODUCT(--('Repartition stock'!$A$6:$A$94="2026Q2"),--('Repartition stock'!$B$6:$B$94="ZA"),--('Repartition stock'!$E$6:$E$94="Millésime"),--('Repartition stock'!$F$6:$F$94="2019"))=0,SUMPRODUCT(--('Repartition stock'!$A$6:$A$94="2026Q2"),--('Repartition stock'!$B$6:$B$94="ZA"),--('Repartition stock'!$E$6:$E$94="Millésime"),--('Repartition stock'!$F$6:$F$94="2019"),--('Repartition stock'!$G$6:$G$94="n.d."))>0),"n.d.",SUMPRODUCT(--('Repartition stock'!$A$6:$A$94="2026Q2"),--('Repartition stock'!$B$6:$B$94="ZA"),--('Repartition stock'!$E$6:$E$94="Millésime"),--('Repartition stock'!$F$6:$F$94="2019"),'Repartition stock'!$G$6:$G$94)) -> 82 | Z8: =IF(OR(SUMPRODUCT(--('Repartition stock'!$A$6:$A$94="2026Q2"),--('Repartition stock'!$B$6:$B$94="ZA"),--('Repartition stock'!$E$6:$E$94="Millésime"),--('Repartition stock'!$F$6:$F$94="2019"))=0,SUMPRODUCT(--('Repartition stock'!$A$6:$A$94="2026Q2"),--('Repartition stock'!$B$6:$B$94="ZA"),--('Repartition stock'!$E$6:$E$94="Millésime"),--('Repartition stock'!$F$6:$F$94="2019"),--('Repartition stock'!$H$6:$H$94="n.d."))>0),"n.d.",SUMPRODUCT(--('Repartition stock'!$A$6:$A$94="2026Q2"),--('Repartition stock'!$B$6:$B$94="ZA"),--('Repartition stock'!$E$6:$E$94="Millésime"),--('Repartition stock'!$F$6:$F$94="2019"),'Repartition stock'!$H$6:$H$94)) -> 227540 | AC8: =IF(OR(COUNT(X8,X16)<>2,X16=0),"n.d.",X8/X16) -> 0.0011540843 | AE8: =IF(OR(COUNT(Z8,Z16)<>2,Z16=0),"n.d.",Z8/Z16) -> 0.0072978928
U9: 2020 | X9: =IF(OR(SUMPRODUCT(--('Repartition stock'!$A$6:$A$94="2026Q2"),--('Repartition stock'!$B$6:$B$94="ZA"),--('Repartition stock'!$E$6:$E$94="Millésime"),--('Repartition stock'!$F$6:$F$94="2020"))=0,SUMPRODUCT(--('Repartition stock'!$A$6:$A$94="2026Q2"),--('Repartition stock'!$B$6:$B$94="ZA"),--('Repartition stock'!$E$6:$E$94="Millésime"),--('Repartition stock'!$F$6:$F$94="2020"),--('Repartition stock'!$G$6:$G$94="n.d."))>0),"n.d.",SUMPRODUCT(--('Repartition stock'!$A$6:$A$94="2026Q2"),--('Repartition stock'!$B$6:$B$94="ZA"),--('Repartition stock'!$E$6:$E$94="Millésime"),--('Repartition stock'!$F$6:$F$94="2020"),'Repartition stock'!$G$6:$G$94)) -> 577 | Z9: =IF(OR(SUMPRODUCT(--('Repartition stock'!$A$6:$A$94="2026Q2"),--('Repartition stock'!$B$6:$B$94="ZA"),--('Repartition stock'!$E$6:$E$94="Millésime"),--('Repartition stock'!$F$6:$F$94="2020"))=0,SUMPRODUCT(--('Repartition stock'!$A$6:$A$94="2026Q2"),--('Repartition stock'!$B$6:$B$94="ZA"),--('Repartition stock'!$E$6:$E$94="Millésime"),--('Repartition stock'!$F$6:$F$94="2020"),--('Repartition stock'!$H$6:$H$94="n.d."))>0),"n.d.",SUMPRODUCT(--('Repartition stock'!$A$6:$A$94="2026Q2"),--('Repartition stock'!$B$6:$B$94="ZA"),--('Repartition stock'!$E$6:$E$94="Millésime"),--('Repartition stock'!$F$6:$F$94="2020"),'Repartition stock'!$H$6:$H$94)) -> 1055811.7 | AC9: =IF(OR(COUNT(X9,X16)<>2,X16=0),"n.d.",X9/X16) -> 0.0081208129 | AE9: =IF(OR(COUNT(Z9,Z16)<>2,Z16=0),"n.d.",Z9/Z16) -> 0.033863059
U10: 2021 | X10: =IF(OR(SUMPRODUCT(--('Repartition stock'!$A$6:$A$94="2026Q2"),--('Repartition stock'!$B$6:$B$94="ZA"),--('Repartition stock'!$E$6:$E$94="Millésime"),--('Repartition stock'!$F$6:$F$94="2021"))=0,SUMPRODUCT(--('Repartition stock'!$A$6:$A$94="2026Q2"),--('Repartition stock'!$B$6:$B$94="ZA"),--('Repartition stock'!$E$6:$E$94="Millésime"),--('Repartition stock'!$F$6:$F$94="2021"),--('Repartition stock'!$G$6:$G$94="n.d."))>0),"n.d.",SUMPRODUCT(--('Repartition stock'!$A$6:$A$94="2026Q2"),--('Repartition stock'!$B$6:$B$94="ZA"),--('Repartition stock'!$E$6:$E$94="Millésime"),--('Repartition stock'!$F$6:$F$94="2021"),'Repartition stock'!$G$6:$G$94)) -> 3490 | Z10: =IF(OR(SUMPRODUCT(--('Repartition stock'!$A$6:$A$94="2026Q2"),--('Repartition stock'!$B$6:$B$94="ZA"),--('Repartition stock'!$E$6:$E$94="Millésime"),--('Repartition stock'!$F$6:$F$94="2021"))=0,SUMPRODUCT(--('Repartition stock'!$A$6:$A$94="2026Q2"),--('Repartition stock'!$B$6:$B$94="ZA"),--('Repartition stock'!$E$6:$E$94="Millésime"),--('Repartition stock'!$F$6:$F$94="2021"),--('Repartition stock'!$H$6:$H$94="n.d."))>0),"n.d.",SUMPRODUCT(--('Repartition stock'!$A$6:$A$94="2026Q2"),--('Repartition stock'!$B$6:$B$94="ZA"),--('Repartition stock'!$E$6:$E$94="Millésime"),--('Repartition stock'!$F$6:$F$94="2021"),'Repartition stock'!$H$6:$H$94)) -> 1891299.9 | AC10: =IF(OR(COUNT(X10,X16)<>2,X16=0),"n.d.",X10/X16) -> 0.049118955 | AE10: =IF(OR(COUNT(Z10,Z16)<>2,Z16=0),"n.d.",Z10/Z16) -> 0.060659682
U11: 2022 | X11: =IF(OR(SUMPRODUCT(--('Repartition stock'!$A$6:$A$94="2026Q2"),--('Repartition stock'!$B$6:$B$94="ZA"),--('Repartition stock'!$E$6:$E$94="Millésime"),--('Repartition stock'!$F$6:$F$94="2022"))=0,SUMPRODUCT(--('Repartition stock'!$A$6:$A$94="2026Q2"),--('Repartition stock'!$B$6:$B$94="ZA"),--('Repartition stock'!$E$6:$E$94="Millésime"),--('Repartition stock'!$F$6:$F$94="2022"),--('Repartition stock'!$G$6:$G$94="n.d."))>0),"n.d.",SUMPRODUCT(--('Repartition stock'!$A$6:$A$94="2026Q2"),--('Repartition stock'!$B$6:$B$94="ZA"),--('Repartition stock'!$E$6:$E$94="Millésime"),--('Repartition stock'!$F$6:$F$94="2022"),'Repartition stock'!$G$6:$G$94)) -> 3177 | Z11: =IF(OR(SUMPRODUCT(--('Repartition stock'!$A$6:$A$94="2026Q2"),--('Repartition stock'!$B$6:$B$94="ZA"),--('Repartition stock'!$E$6:$E$94="Millésime"),--('Repartition stock'!$F$6:$F$94="2022"))=0,SUMPRODUCT(--('Repartition stock'!$A$6:$A$94="2026Q2"),--('Repartition stock'!$B$6:$B$94="ZA"),--('Repartition stock'!$E$6:$E$94="Millésime"),--('Repartition stock'!$F$6:$F$94="2022"),--('Repartition stock'!$H$6:$H$94="n.d."))>0),"n.d.",SUMPRODUCT(--('Repartition stock'!$A$6:$A$94="2026Q2"),--('Repartition stock'!$B$6:$B$94="ZA"),--('Repartition stock'!$E$6:$E$94="Millésime"),--('Repartition stock'!$F$6:$F$94="2022"),'Repartition stock'!$H$6:$H$94)) -> 1803180.9 | AC11: =IF(OR(COUNT(X11,X16)<>2,X16=0),"n.d.",X11/X16) -> 0.044713731 | AE11: =IF(OR(COUNT(Z11,Z16)<>2,Z16=0),"n.d.",Z11/Z16) -> 0.057833439
U12: 2023 | X12: =IF(OR(SUMPRODUCT(--('Repartition stock'!$A$6:$A$94="2026Q2"),--('Repartition stock'!$B$6:$B$94="ZA"),--('Repartition stock'!$E$6:$E$94="Millésime"),--('Repartition stock'!$F$6:$F$94="2023"))=0,SUMPRODUCT(--('Repartition stock'!$A$6:$A$94="2026Q2"),--('Repartition stock'!$B$6:$B$94="ZA"),--('Repartition stock'!$E$6:$E$94="Millésime"),--('Repartition stock'!$F$6:$F$94="2023"),--('Repartition stock'!$G$6:$G$94="n.d."))>0),"n.d.",SUMPRODUCT(--('Repartition stock'!$A$6:$A$94="2026Q2"),--('Repartition stock'!$B$6:$B$94="ZA"),--('Repartition stock'!$E$6:$E$94="Millésime"),--('Repartition stock'!$F$6:$F$94="2023"),'Repartition stock'!$G$6:$G$94)) -> 4518 | Z12: =IF(OR(SUMPRODUCT(--('Repartition stock'!$A$6:$A$94="2026Q2"),--('Repartition stock'!$B$6:$B$94="ZA"),--('Repartition stock'!$E$6:$E$94="Millésime"),--('Repartition stock'!$F$6:$F$94="2023"))=0,SUMPRODUCT(--('Repartition stock'!$A$6:$A$94="2026Q2"),--('Repartition stock'!$B$6:$B$94="ZA"),--('Repartition stock'!$E$6:$E$94="Millésime"),--('Repartition stock'!$F$6:$F$94="2023"),--('Repartition stock'!$H$6:$H$94="n.d."))>0),"n.d.",SUMPRODUCT(--('Repartition stock'!$A$6:$A$94="2026Q2"),--('Repartition stock'!$B$6:$B$94="ZA"),--('Repartition stock'!$E$6:$E$94="Millésime"),--('Repartition stock'!$F$6:$F$94="2023"),'Repartition stock'!$H$6:$H$94)) -> 2617980.4 | AC12: =IF(OR(COUNT(X12,X16)<>2,X16=0),"n.d.",X12/X16) -> 0.063587232 | AE12: =IF(OR(COUNT(Z12,Z16)<>2,Z16=0),"n.d.",Z12/Z16) -> 0.083966512
U13: 2024 | X13: =IF(OR(SUMPRODUCT(--('Repartition stock'!$A$6:$A$94="2026Q2"),--('Repartition stock'!$B$6:$B$94="ZA"),--('Repartition stock'!$E$6:$E$94="Millésime"),--('Repartition stock'!$F$6:$F$94="2024"))=0,SUMPRODUCT(--('Repartition stock'!$A$6:$A$94="2026Q2"),--('Repartition stock'!$B$6:$B$94="ZA"),--('Repartition stock'!$E$6:$E$94="Millésime"),--('Repartition stock'!$F$6:$F$94="2024"),--('Repartition stock'!$G$6:$G$94="n.d."))>0),"n.d.",SUMPRODUCT(--('Repartition stock'!$A$6:$A$94="2026Q2"),--('Repartition stock'!$B$6:$B$94="ZA"),--('Repartition stock'!$E$6:$E$94="Millésime"),--('Repartition stock'!$F$6:$F$94="2024"),'Repartition stock'!$G$6:$G$94)) -> 6481 | Z13: =IF(OR(SUMPRODUCT(--('Repartition stock'!$A$6:$A$94="2026Q2"),--('Repartition stock'!$B$6:$B$94="ZA"),--('Repartition stock'!$E$6:$E$94="Millésime"),--('Repartition stock'!$F$6:$F$94="2024"))=0,SUMPRODUCT(--('Repartition stock'!$A$6:$A$94="2026Q2"),--('Repartition stock'!$B$6:$B$94="ZA"),--('Repartition stock'!$E$6:$E$94="Millésime"),--('Repartition stock'!$F$6:$F$94="2024"),--('Repartition stock'!$H$6:$H$94="n.d."))>0),"n.d.",SUMPRODUCT(--('Repartition stock'!$A$6:$A$94="2026Q2"),--('Repartition stock'!$B$6:$B$94="ZA"),--('Repartition stock'!$E$6:$E$94="Millésime"),--('Repartition stock'!$F$6:$F$94="2024"),'Repartition stock'!$H$6:$H$94)) -> 3470230.7 | AC13: =IF(OR(COUNT(X13,X16)<>2,X16=0),"n.d.",X13/X16) -> 0.091214885 | AE13: =IF(OR(COUNT(Z13,Z16)<>2,Z16=0),"n.d.",Z13/Z16) -> 0.11130074
U14: 2025 | X14: =IF(OR(SUMPRODUCT(--('Repartition stock'!$A$6:$A$94="2026Q2"),--('Repartition stock'!$B$6:$B$94="ZA"),--('Repartition stock'!$E$6:$E$94="Millésime"),--('Repartition stock'!$F$6:$F$94="2025"))=0,SUMPRODUCT(--('Repartition stock'!$A$6:$A$94="2026Q2"),--('Repartition stock'!$B$6:$B$94="ZA"),--('Repartition stock'!$E$6:$E$94="Millésime"),--('Repartition stock'!$F$6:$F$94="2025"),--('Repartition stock'!$G$6:$G$94="n.d."))>0),"n.d.",SUMPRODUCT(--('Repartition stock'!$A$6:$A$94="2026Q2"),--('Repartition stock'!$B$6:$B$94="ZA"),--('Repartition stock'!$E$6:$E$94="Millésime"),--('Repartition stock'!$F$6:$F$94="2025"),'Repartition stock'!$G$6:$G$94)) -> 13904 | Z14: =IF(OR(SUMPRODUCT(--('Repartition stock'!$A$6:$A$94="2026Q2"),--('Repartition stock'!$B$6:$B$94="ZA"),--('Repartition stock'!$E$6:$E$94="Millésime"),--('Repartition stock'!$F$6:$F$94="2025"))=0,SUMPRODUCT(--('Repartition stock'!$A$6:$A$94="2026Q2"),--('Repartition stock'!$B$6:$B$94="ZA"),--('Repartition stock'!$E$6:$E$94="Millésime"),--('Repartition stock'!$F$6:$F$94="2025"),--('Repartition stock'!$H$6:$H$94="n.d."))>0),"n.d.",SUMPRODUCT(--('Repartition stock'!$A$6:$A$94="2026Q2"),--('Repartition stock'!$B$6:$B$94="ZA"),--('Repartition stock'!$E$6:$E$94="Millésime"),--('Repartition stock'!$F$6:$F$94="2025"),'Repartition stock'!$H$6:$H$94)) -> 7308977.4 | AC14: =IF(OR(COUNT(X14,X16)<>2,X16=0),"n.d.",X14/X16) -> 0.19568767 | AE14: =IF(OR(COUNT(Z14,Z16)<>2,Z16=0),"n.d.",Z14/Z16) -> 0.23442091
U15: 2026 | X15: =IF(OR(SUMPRODUCT(--('Repartition stock'!$A$6:$A$94="2026Q2"),--('Repartition stock'!$B$6:$B$94="ZA"),--('Repartition stock'!$E$6:$E$94="Millésime"),--('Repartition stock'!$F$6:$F$94="2026"))=0,SUMPRODUCT(--('Repartition stock'!$A$6:$A$94="2026Q2"),--('Repartition stock'!$B$6:$B$94="ZA"),--('Repartition stock'!$E$6:$E$94="Millésime"),--('Repartition stock'!$F$6:$F$94="2026"),--('Repartition stock'!$G$6:$G$94="n.d."))>0),"n.d.",SUMPRODUCT(--('Repartition stock'!$A$6:$A$94="2026Q2"),--('Repartition stock'!$B$6:$B$94="ZA"),--('Repartition stock'!$E$6:$E$94="Millésime"),--('Repartition stock'!$F$6:$F$94="2026"),'Repartition stock'!$G$6:$G$94)) -> 38624 | Z15: =IF(OR(SUMPRODUCT(--('Repartition stock'!$A$6:$A$94="2026Q2"),--('Repartition stock'!$B$6:$B$94="ZA"),--('Repartition stock'!$E$6:$E$94="Millésime"),--('Repartition stock'!$F$6:$F$94="2026"))=0,SUMPRODUCT(--('Repartition stock'!$A$6:$A$94="2026Q2"),--('Repartition stock'!$B$6:$B$94="ZA"),--('Repartition stock'!$E$6:$E$94="Millésime"),--('Repartition stock'!$F$6:$F$94="2026"),--('Repartition stock'!$H$6:$H$94="n.d."))>0),"n.d.",SUMPRODUCT(--('Repartition stock'!$A$6:$A$94="2026Q2"),--('Repartition stock'!$B$6:$B$94="ZA"),--('Repartition stock'!$E$6:$E$94="Millésime"),--('Repartition stock'!$F$6:$F$94="2026"),'Repartition stock'!$H$6:$H$94)) -> 12052692 | AC15: =IF(OR(COUNT(X15,X16)<>2,X16=0),"n.d.",X15/X16) -> 0.54360187 | AE15: =IF(OR(COUNT(Z15,Z16)<>2,Z16=0),"n.d.",Z15/Z16) -> 0.38656613
R16: Total: | X16: =IF(COUNT(X7:X15)=9,SUM(X7:X15),"n.d.") -> 71052 | Z16: =IF(COUNT(Z7:Z15)=9,SUM(Z7:Z15),"n.d.") -> 31178863 | AC16: =IF(OR(NOT(ISNUMBER(X16)),X16=0),"n.d.",1) -> 1 | AE16: =IF(OR(NOT(ISNUMBER(Z16)),Z16=0),"n.d.",1) -> 1
R18: Amount bands omitted: source distribution is not informative.
B30: ="Average monthly new flow: "&IF(ISNUMBER('GraphData'!A120),TEXT('GraphData'!A120,"#,##0"),"n.d.")&" ZAR. Average balance per contract: "&IF(ISNUMBER('GraphData'!B120),TEXT('GraphData'!B120,"#,##0"),"n.d.")&" ZAR." -> Average monthly new flow: 3,669,190 ZAR. Average balance per contract: 191 ZAR.
B32: ="Oldest cohort (M-5): "&IF(ISNUMBER('GraphData'!C120),TEXT('GraphData'!C120,"0.0%"),"n.d.")&" treated in amount and "&IF(ISNUMBER('GraphData'!D120),TEXT('GraphData'!D120,"0.0%"),"n.d.")&" in number." -> Oldest cohort (M-5): 64.9% treated in amount and 85.5% in number.
B34: ="Stock to process: "&IF(ISNUMBER('GraphData'!E120),TEXT('GraphData'!E120,"#,##0"),"n.d.")&" ZAR. Identified stock: "&IF(ISNUMBER('GraphData'!F120),TEXT('GraphData'!F120,"#,##0"),"n.d.")&" ZAR." -> Stock to process: 31,178,863 ZAR. Identified stock: 35,668,503 ZAR.
B36: Prior-quarter comparison unavailable: no 2026Q1 source snapshot has been imported.
B42: Positive Balance 2026Q2 Source: country workbooks and Taux.xlsx Internal

Sheet DK Denmark
B2: Denmark in DKK | R2: STOCK OF POSITIVE BALANCES to be processed (KPI_3) | X2: 46203
X3: Number of contracts | Z3: Total amount DKK | AC3: % in number | AE3: % in amount
B5: Reporting at 30 June 2026. Six monthly cohorts.
R7: By step of amount | U7: 0 - 7,5 Kr | X7: =IF(OR(SUMPRODUCT(--('Repartition stock'!$A$6:$A$94="2026Q2"),--('Repartition stock'!$B$6:$B$94="DK"),--('Repartition stock'!$E$6:$E$94="Tranche"),--('Repartition stock'!$F$6:$F$94="0 - 7,5 Kr"))=0,SUMPRODUCT(--('Repartition stock'!$A$6:$A$94="2026Q2"),--('Repartition stock'!$B$6:$B$94="DK"),--('Repartition stock'!$E$6:$E$94="Tranche"),--('Repartition stock'!$F$6:$F$94="0 - 7,5 Kr"),--('Repartition stock'!$G$6:$G$94="n.d."))>0),"n.d.",SUMPRODUCT(--('Repartition stock'!$A$6:$A$94="2026Q2"),--('Repartition stock'!$B$6:$B$94="DK"),--('Repartition stock'!$E$6:$E$94="Tranche"),--('Repartition stock'!$F$6:$F$94="0 - 7,5 Kr"),'Repartition stock'!$G$6:$G$94)) -> 135 | Z7: =IF(OR(SUMPRODUCT(--('Repartition stock'!$A$6:$A$94="2026Q2"),--('Repartition stock'!$B$6:$B$94="DK"),--('Repartition stock'!$E$6:$E$94="Tranche"),--('Repartition stock'!$F$6:$F$94="0 - 7,5 Kr"))=0,SUMPRODUCT(--('Repartition stock'!$A$6:$A$94="2026Q2"),--('Repartition stock'!$B$6:$B$94="DK"),--('Repartition stock'!$E$6:$E$94="Tranche"),--('Repartition stock'!$F$6:$F$94="0 - 7,5 Kr"),--('Repartition stock'!$H$6:$H$94="n.d."))>0),"n.d.",SUMPRODUCT(--('Repartition stock'!$A$6:$A$94="2026Q2"),--('Repartition stock'!$B$6:$B$94="DK"),--('Repartition stock'!$E$6:$E$94="Tranche"),--('Repartition stock'!$F$6:$F$94="0 - 7,5 Kr"),'Repartition stock'!$H$6:$H$94)) -> 313.48 | AC7: =IF(OR(COUNT(X7,X12)<>2,X12=0),"n.d.",X7/X12) -> 0.19508671 | AE7: =IF(OR(COUNT(Z7,Z12)<>2,Z12=0),"n.d.",Z7/Z12) -> 0.0017196038
U8: 7,5 - 75 Kr | X8: =IF(OR(SUMPRODUCT(--('Repartition stock'!$A$6:$A$94="2026Q2"),--('Repartition stock'!$B$6:$B$94="DK"),--('Repartition stock'!$E$6:$E$94="Tranche"),--('Repartition stock'!$F$6:$F$94="7,5 - 75 Kr"))=0,SUMPRODUCT(--('Repartition stock'!$A$6:$A$94="2026Q2"),--('Repartition stock'!$B$6:$B$94="DK"),--('Repartition stock'!$E$6:$E$94="Tranche"),--('Repartition stock'!$F$6:$F$94="7,5 - 75 Kr"),--('Repartition stock'!$G$6:$G$94="n.d."))>0),"n.d.",SUMPRODUCT(--('Repartition stock'!$A$6:$A$94="2026Q2"),--('Repartition stock'!$B$6:$B$94="DK"),--('Repartition stock'!$E$6:$E$94="Tranche"),--('Repartition stock'!$F$6:$F$94="7,5 - 75 Kr"),'Repartition stock'!$G$6:$G$94)) -> 205 | Z8: =IF(OR(SUMPRODUCT(--('Repartition stock'!$A$6:$A$94="2026Q2"),--('Repartition stock'!$B$6:$B$94="DK"),--('Repartition stock'!$E$6:$E$94="Tranche"),--('Repartition stock'!$F$6:$F$94="7,5 - 75 Kr"))=0,SUMPRODUCT(--('Repartition stock'!$A$6:$A$94="2026Q2"),--('Repartition stock'!$B$6:$B$94="DK"),--('Repartition stock'!$E$6:$E$94="Tranche"),--('Repartition stock'!$F$6:$F$94="7,5 - 75 Kr"),--('Repartition stock'!$H$6:$H$94="n.d."))>0),"n.d.",SUMPRODUCT(--('Repartition stock'!$A$6:$A$94="2026Q2"),--('Repartition stock'!$B$6:$B$94="DK"),--('Repartition stock'!$E$6:$E$94="Tranche"),--('Repartition stock'!$F$6:$F$94="7,5 - 75 Kr"),'Repartition stock'!$H$6:$H$94)) -> 6945.04 | AC8: =IF(OR(COUNT(X8,X12)<>2,X12=0),"n.d.",X8/X12) -> 0.29624277 | AE8: =IF(OR(COUNT(Z8,Z12)<>2,Z12=0),"n.d.",Z8/Z12) -> 0.038097221
U9: 75 - 747 Kr | X9: =IF(OR(SUMPRODUCT(--('Repartition stock'!$A$6:$A$94="2026Q2"),--('Repartition stock'!$B$6:$B$94="DK"),--('Repartition stock'!$E$6:$E$94="Tranche"),--('Repartition stock'!$F$6:$F$94="75 - 747 Kr"))=0,SUMPRODUCT(--('Repartition stock'!$A$6:$A$94="2026Q2"),--('Repartition stock'!$B$6:$B$94="DK"),--('Repartition stock'!$E$6:$E$94="Tranche"),--('Repartition stock'!$F$6:$F$94="75 - 747 Kr"),--('Repartition stock'!$G$6:$G$94="n.d."))>0),"n.d.",SUMPRODUCT(--('Repartition stock'!$A$6:$A$94="2026Q2"),--('Repartition stock'!$B$6:$B$94="DK"),--('Repartition stock'!$E$6:$E$94="Tranche"),--('Repartition stock'!$F$6:$F$94="75 - 747 Kr"),'Repartition stock'!$G$6:$G$94)) -> 300 | Z9: =IF(OR(SUMPRODUCT(--('Repartition stock'!$A$6:$A$94="2026Q2"),--('Repartition stock'!$B$6:$B$94="DK"),--('Repartition stock'!$E$6:$E$94="Tranche"),--('Repartition stock'!$F$6:$F$94="75 - 747 Kr"))=0,SUMPRODUCT(--('Repartition stock'!$A$6:$A$94="2026Q2"),--('Repartition stock'!$B$6:$B$94="DK"),--('Repartition stock'!$E$6:$E$94="Tranche"),--('Repartition stock'!$F$6:$F$94="75 - 747 Kr"),--('Repartition stock'!$H$6:$H$94="n.d."))>0),"n.d.",SUMPRODUCT(--('Repartition stock'!$A$6:$A$94="2026Q2"),--('Repartition stock'!$B$6:$B$94="DK"),--('Repartition stock'!$E$6:$E$94="Tranche"),--('Repartition stock'!$F$6:$F$94="75 - 747 Kr"),'Repartition stock'!$H$6:$H$94)) -> 78102.6 | AC9: =IF(OR(COUNT(X9,X12)<>2,X12=0),"n.d.",X9/X12) -> 0.43352601 | AE9: =IF(OR(COUNT(Z9,Z12)<>2,Z12=0),"n.d.",Z9/Z12) -> 0.42843411
U10: 747 - 7474 Kr | X10: =IF(OR(SUMPRODUCT(--('Repartition stock'!$A$6:$A$94="2026Q2"),--('Repartition stock'!$B$6:$B$94="DK"),--('Repartition stock'!$E$6:$E$94="Tranche"),--('Repartition stock'!$F$6:$F$94="747 - 7474 Kr"))=0,SUMPRODUCT(--('Repartition stock'!$A$6:$A$94="2026Q2"),--('Repartition stock'!$B$6:$B$94="DK"),--('Repartition stock'!$E$6:$E$94="Tranche"),--('Repartition stock'!$F$6:$F$94="747 - 7474 Kr"),--('Repartition stock'!$G$6:$G$94="n.d."))>0),"n.d.",SUMPRODUCT(--('Repartition stock'!$A$6:$A$94="2026Q2"),--('Repartition stock'!$B$6:$B$94="DK"),--('Repartition stock'!$E$6:$E$94="Tranche"),--('Repartition stock'!$F$6:$F$94="747 - 7474 Kr"),'Repartition stock'!$G$6:$G$94)) -> 51 | Z10: =IF(OR(SUMPRODUCT(--('Repartition stock'!$A$6:$A$94="2026Q2"),--('Repartition stock'!$B$6:$B$94="DK"),--('Repartition stock'!$E$6:$E$94="Tranche"),--('Repartition stock'!$F$6:$F$94="747 - 7474 Kr"))=0,SUMPRODUCT(--('Repartition stock'!$A$6:$A$94="2026Q2"),--('Repartition stock'!$B$6:$B$94="DK"),--('Repartition stock'!$E$6:$E$94="Tranche"),--('Repartition stock'!$F$6:$F$94="747 - 7474 Kr"),--('Repartition stock'!$H$6:$H$94="n.d."))>0),"n.d.",SUMPRODUCT(--('Repartition stock'!$A$6:$A$94="2026Q2"),--('Repartition stock'!$B$6:$B$94="DK"),--('Repartition stock'!$E$6:$E$94="Tranche"),--('Repartition stock'!$F$6:$F$94="747 - 7474 Kr"),'Repartition stock'!$H$6:$H$94)) -> 83888.12 | AC10: =IF(OR(COUNT(X10,X12)<>2,X12=0),"n.d.",X10/X12) -> 0.073699422 | AE10: =IF(OR(COUNT(Z10,Z12)<>2,Z12=0),"n.d.",Z10/Z12) -> 0.46017075
U11: >7474 Kr | X11: =IF(OR(SUMPRODUCT(--('Repartition stock'!$A$6:$A$94="2026Q2"),--('Repartition stock'!$B$6:$B$94="DK"),--('Repartition stock'!$E$6:$E$94="Tranche"),--('Repartition stock'!$F$6:$F$94=">7474 Kr"))=0,SUMPRODUCT(--('Repartition stock'!$A$6:$A$94="2026Q2"),--('Repartition stock'!$B$6:$B$94="DK"),--('Repartition stock'!$E$6:$E$94="Tranche"),--('Repartition stock'!$F$6:$F$94=">7474 Kr"),--('Repartition stock'!$G$6:$G$94="n.d."))>0),"n.d.",SUMPRODUCT(--('Repartition stock'!$A$6:$A$94="2026Q2"),--('Repartition stock'!$B$6:$B$94="DK"),--('Repartition stock'!$E$6:$E$94="Tranche"),--('Repartition stock'!$F$6:$F$94=">7474 Kr"),'Repartition stock'!$G$6:$G$94)) -> 1 | Z11: =IF(OR(SUMPRODUCT(--('Repartition stock'!$A$6:$A$94="2026Q2"),--('Repartition stock'!$B$6:$B$94="DK"),--('Repartition stock'!$E$6:$E$94="Tranche"),--('Repartition stock'!$F$6:$F$94=">7474 Kr"))=0,SUMPRODUCT(--('Repartition stock'!$A$6:$A$94="2026Q2"),--('Repartition stock'!$B$6:$B$94="DK"),--('Repartition stock'!$E$6:$E$94="Tranche"),--('Repartition stock'!$F$6:$F$94=">7474 Kr"),--('Repartition stock'!$H$6:$H$94="n.d."))>0),"n.d.",SUMPRODUCT(--('Repartition stock'!$A$6:$A$94="2026Q2"),--('Repartition stock'!$B$6:$B$94="DK"),--('Repartition stock'!$E$6:$E$94="Tranche"),--('Repartition stock'!$F$6:$F$94=">7474 Kr"),'Repartition stock'!$H$6:$H$94)) -> 13048.57 | AC11: =IF(OR(COUNT(X11,X12)<>2,X12=0),"n.d.",X11/X12) -> 0.0014450867 | AE11: =IF(OR(COUNT(Z11,Z12)<>2,Z12=0),"n.d.",Z11/Z12) -> 0.071578315
R12: Total: | X12: =IF(COUNT(X7:X11)=5,SUM(X7:X11),"n.d.") -> 692 | Z12: =IF(COUNT(Z7:Z11)=5,SUM(Z7:Z11),"n.d.") -> 182297.81 | AC12: =IF(OR(NOT(ISNUMBER(X12)),X12=0),"n.d.",1) -> 1 | AE12: =IF(OR(NOT(ISNUMBER(Z12)),Z12=0),"n.d.",1) -> 1
R14: By date of positive balance | U14: <2018 | X14: =IF(OR(SUMPRODUCT(--('Repartition stock'!$A$6:$A$94="2026Q2"),--('Repartition stock'!$B$6:$B$94="DK"),--('Repartition stock'!$E$6:$E$94="Millésime"),--('Repartition stock'!$F$6:$F$94="<2018"))=0,SUMPRODUCT(--('Repartition stock'!$A$6:$A$94="2026Q2"),--('Repartition stock'!$B$6:$B$94="DK"),--('Repartition stock'!$E$6:$E$94="Millésime"),--('Repartition stock'!$F$6:$F$94="<2018"),--('Repartition stock'!$G$6:$G$94="n.d."))>0),"n.d.",SUMPRODUCT(--('Repartition stock'!$A$6:$A$94="2026Q2"),--('Repartition stock'!$B$6:$B$94="DK"),--('Repartition stock'!$E$6:$E$94="Millésime"),--('Repartition stock'!$F$6:$F$94="<2018"),'Repartition stock'!$G$6:$G$94)) -> 0 | Z14: =IF(OR(SUMPRODUCT(--('Repartition stock'!$A$6:$A$94="2026Q2"),--('Repartition stock'!$B$6:$B$94="DK"),--('Repartition stock'!$E$6:$E$94="Millésime"),--('Repartition stock'!$F$6:$F$94="<2018"))=0,SUMPRODUCT(--('Repartition stock'!$A$6:$A$94="2026Q2"),--('Repartition stock'!$B$6:$B$94="DK"),--('Repartition stock'!$E$6:$E$94="Millésime"),--('Repartition stock'!$F$6:$F$94="<2018"),--('Repartition stock'!$H$6:$H$94="n.d."))>0),"n.d.",SUMPRODUCT(--('Repartition stock'!$A$6:$A$94="2026Q2"),--('Repartition stock'!$B$6:$B$94="DK"),--('Repartition stock'!$E$6:$E$94="Millésime"),--('Repartition stock'!$F$6:$F$94="<2018"),'Repartition stock'!$H$6:$H$94)) -> 0 | AC14: =IF(OR(COUNT(X14,X24)<>2,X24=0),"n.d.",X14/X24) -> 0 | AE14: =IF(OR(COUNT(Z14,Z24)<>2,Z24=0),"n.d.",Z14/Z24) -> 0
U15: 2018 | X15: =IF(OR(SUMPRODUCT(--('Repartition stock'!$A$6:$A$94="2026Q2"),--('Repartition stock'!$B$6:$B$94="DK"),--('Repartition stock'!$E$6:$E$94="Millésime"),--('Repartition stock'!$F$6:$F$94="2018"))=0,SUMPRODUCT(--('Repartition stock'!$A$6:$A$94="2026Q2"),--('Repartition stock'!$B$6:$B$94="DK"),--('Repartition stock'!$E$6:$E$94="Millésime"),--('Repartition stock'!$F$6:$F$94="2018"),--('Repartition stock'!$G$6:$G$94="n.d."))>0),"n.d.",SUMPRODUCT(--('Repartition stock'!$A$6:$A$94="2026Q2"),--('Repartition stock'!$B$6:$B$94="DK"),--('Repartition stock'!$E$6:$E$94="Millésime"),--('Repartition stock'!$F$6:$F$94="2018"),'Repartition stock'!$G$6:$G$94)) -> 0 | Z15: =IF(OR(SUMPRODUCT(--('Repartition stock'!$A$6:$A$94="2026Q2"),--('Repartition stock'!$B$6:$B$94="DK"),--('Repartition stock'!$E$6:$E$94="Millésime"),--('Repartition stock'!$F$6:$F$94="2018"))=0,SUMPRODUCT(--('Repartition stock'!$A$6:$A$94="2026Q2"),--('Repartition stock'!$B$6:$B$94="DK"),--('Repartition stock'!$E$6:$E$94="Millésime"),--('Repartition stock'!$F$6:$F$94="2018"),--('Repartition stock'!$H$6:$H$94="n.d."))>0),"n.d.",SUMPRODUCT(--('Repartition stock'!$A$6:$A$94="2026Q2"),--('Repartition stock'!$B$6:$B$94="DK"),--('Repartition stock'!$E$6:$E$94="Millésime"),--('Repartition stock'!$F$6:$F$94="2018"),'Repartition stock'!$H$6:$H$94)) -> 0 | AC15: =IF(OR(COUNT(X15,X24)<>2,X24=0),"n.d.",X15/X24) -> 0 | AE15: =IF(OR(COUNT(Z15,Z24)<>2,Z24=0),"n.d.",Z15/Z24) -> 0
U16: 2019 | X16: =IF(OR(SUMPRODUCT(--('Repartition stock'!$A$6:$A$94="2026Q2"),--('Repartition stock'!$B$6:$B$94="DK"),--('Repartition stock'!$E$6:$E$94="Millésime"),--('Repartition stock'!$F$6:$F$94="2019"))=0,SUMPRODUCT(--('Repartition stock'!$A$6:$A$94="2026Q2"),--('Repartition stock'!$B$6:$B$94="DK"),--('Repartition stock'!$E$6:$E$94="Millésime"),--('Repartition stock'!$F$6:$F$94="2019"),--('Repartition stock'!$G$6:$G$94="n.d."))>0),"n.d.",SUMPRODUCT(--('Repartition stock'!$A$6:$A$94="2026Q2"),--('Repartition stock'!$B$6:$B$94="DK"),--('Repartition stock'!$E$6:$E$94="Millésime"),--('Repartition stock'!$F$6:$F$94="2019"),'Repartition stock'!$G$6:$G$94)) -> 0 | Z16: =IF(OR(SUMPRODUCT(--('Repartition stock'!$A$6:$A$94="2026Q2"),--('Repartition stock'!$B$6:$B$94="DK"),--('Repartition stock'!$E$6:$E$94="Millésime"),--('Repartition stock'!$F$6:$F$94="2019"))=0,SUMPRODUCT(--('Repartition stock'!$A$6:$A$94="2026Q2"),--('Repartition stock'!$B$6:$B$94="DK"),--('Repartition stock'!$E$6:$E$94="Millésime"),--('Repartition stock'!$F$6:$F$94="2019"),--('Repartition stock'!$H$6:$H$94="n.d."))>0),"n.d.",SUMPRODUCT(--('Repartition stock'!$A$6:$A$94="2026Q2"),--('Repartition stock'!$B$6:$B$94="DK"),--('Repartition stock'!$E$6:$E$94="Millésime"),--('Repartition stock'!$F$6:$F$94="2019"),'Repartition stock'!$H$6:$H$94)) -> 0 | AC16: =IF(OR(COUNT(X16,X24)<>2,X24=0),"n.d.",X16/X24) -> 0 | AE16: =IF(OR(COUNT(Z16,Z24)<>2,Z24=0),"n.d.",Z16/Z24) -> 0
U17: 2020 | X17: =IF(OR(SUMPRODUCT(--('Repartition stock'!$A$6:$A$94="2026Q2"),--('Repartition stock'!$B$6:$B$94="DK"),--('Repartition stock'!$E$6:$E$94="Millésime"),--('Repartition stock'!$F$6:$F$94="2020"))=0,SUMPRODUCT(--('Repartition stock'!$A$6:$A$94="2026Q2"),--('Repartition stock'!$B$6:$B$94="DK"),--('Repartition stock'!$E$6:$E$94="Millésime"),--('Repartition stock'!$F$6:$F$94="2020"),--('Repartition stock'!$G$6:$G$94="n.d."))>0),"n.d.",SUMPRODUCT(--('Repartition stock'!$A$6:$A$94="2026Q2"),--('Repartition stock'!$B$6:$B$94="DK"),--('Repartition stock'!$E$6:$E$94="Millésime"),--('Repartition stock'!$F$6:$F$94="2020"),'Repartition stock'!$G$6:$G$94)) -> 0 | Z17: =IF(OR(SUMPRODUCT(--('Repartition stock'!$A$6:$A$94="2026Q2"),--('Repartition stock'!$B$6:$B$94="DK"),--('Repartition stock'!$E$6:$E$94="Millésime"),--('Repartition stock'!$F$6:$F$94="2020"))=0,SUMPRODUCT(--('Repartition stock'!$A$6:$A$94="2026Q2"),--('Repartition stock'!$B$6:$B$94="DK"),--('Repartition stock'!$E$6:$E$94="Millésime"),--('Repartition stock'!$F$6:$F$94="2020"),--('Repartition stock'!$H$6:$H$94="n.d."))>0),"n.d.",SUMPRODUCT(--('Repartition stock'!$A$6:$A$94="2026Q2"),--('Repartition stock'!$B$6:$B$94="DK"),--('Repartition stock'!$E$6:$E$94="Millésime"),--('Repartition stock'!$F$6:$F$94="2020"),'Repartition stock'!$H$6:$H$94)) -> 0 | AC17: =IF(OR(COUNT(X17,X24)<>2,X24=0),"n.d.",X17/X24) -> 0 | AE17: =IF(OR(COUNT(Z17,Z24)<>2,Z24=0),"n.d.",Z17/Z24) -> 0
U18: 2021 | X18: =IF(OR(SUMPRODUCT(--('Repartition stock'!$A$6:$A$94="2026Q2"),--('Repartition stock'!$B$6:$B$94="DK"),--('Repartition stock'!$E$6:$E$94="Millésime"),--('Repartition stock'!$F$6:$F$94="2021"))=0,SUMPRODUCT(--('Repartition stock'!$A$6:$A$94="2026Q2"),--('Repartition stock'!$B$6:$B$94="DK"),--('Repartition stock'!$E$6:$E$94="Millésime"),--('Repartition stock'!$F$6:$F$94="2021"),--('Repartition stock'!$G$6:$G$94="n.d."))>0),"n.d.",SUMPRODUCT(--('Repartition stock'!$A$6:$A$94="2026Q2"),--('Repartition stock'!$B$6:$B$94="DK"),--('Repartition stock'!$E$6:$E$94="Millésime"),--('Repartition stock'!$F$6:$F$94="2021"),'Repartition stock'!$G$6:$G$94)) -> 0 | Z18: =IF(OR(SUMPRODUCT(--('Repartition stock'!$A$6:$A$94="2026Q2"),--('Repartition stock'!$B$6:$B$94="DK"),--('Repartition stock'!$E$6:$E$94="Millésime"),--('Repartition stock'!$F$6:$F$94="2021"))=0,SUMPRODUCT(--('Repartition stock'!$A$6:$A$94="2026Q2"),--('Repartition stock'!$B$6:$B$94="DK"),--('Repartition stock'!$E$6:$E$94="Millésime"),--('Repartition stock'!$F$6:$F$94="2021"),--('Repartition stock'!$H$6:$H$94="n.d."))>0),"n.d.",SUMPRODUCT(--('Repartition stock'!$A$6:$A$94="2026Q2"),--('Repartition stock'!$B$6:$B$94="DK"),--('Repartition stock'!$E$6:$E$94="Millésime"),--('Repartition stock'!$F$6:$F$94="2021"),'Repartition stock'!$H$6:$H$94)) -> 0 | AC18: =IF(OR(COUNT(X18,X24)<>2,X24=0),"n.d.",X18/X24) -> 0 | AE18: =IF(OR(COUNT(Z18,Z24)<>2,Z24=0),"n.d.",Z18/Z24) -> 0
U19: 2022 | X19: =IF(OR(SUMPRODUCT(--('Repartition stock'!$A$6:$A$94="2026Q2"),--('Repartition stock'!$B$6:$B$94="DK"),--('Repartition stock'!$E$6:$E$94="Millésime"),--('Repartition stock'!$F$6:$F$94="2022"))=0,SUMPRODUCT(--('Repartition stock'!$A$6:$A$94="2026Q2"),--('Repartition stock'!$B$6:$B$94="DK"),--('Repartition stock'!$E$6:$E$94="Millésime"),--('Repartition stock'!$F$6:$F$94="2022"),--('Repartition stock'!$G$6:$G$94="n.d."))>0),"n.d.",SUMPRODUCT(--('Repartition stock'!$A$6:$A$94="2026Q2"),--('Repartition stock'!$B$6:$B$94="DK"),--('Repartition stock'!$E$6:$E$94="Millésime"),--('Repartition stock'!$F$6:$F$94="2022"),'Repartition stock'!$G$6:$G$94)) -> 0 | Z19: =IF(OR(SUMPRODUCT(--('Repartition stock'!$A$6:$A$94="2026Q2"),--('Repartition stock'!$B$6:$B$94="DK"),--('Repartition stock'!$E$6:$E$94="Millésime"),--('Repartition stock'!$F$6:$F$94="2022"))=0,SUMPRODUCT(--('Repartition stock'!$A$6:$A$94="2026Q2"),--('Repartition stock'!$B$6:$B$94="DK"),--('Repartition stock'!$E$6:$E$94="Millésime"),--('Repartition stock'!$F$6:$F$94="2022"),--('Repartition stock'!$H$6:$H$94="n.d."))>0),"n.d.",SUMPRODUCT(--('Repartition stock'!$A$6:$A$94="2026Q2"),--('Repartition stock'!$B$6:$B$94="DK"),--('Repartition stock'!$E$6:$E$94="Millésime"),--('Repartition stock'!$F$6:$F$94="2022"),'Repartition stock'!$H$6:$H$94)) -> 0 | AC19: =IF(OR(COUNT(X19,X24)<>2,X24=0),"n.d.",X19/X24) -> 0 | AE19: =IF(OR(COUNT(Z19,Z24)<>2,Z24=0),"n.d.",Z19/Z24) -> 0
U20: 2023 | X20: =IF(OR(SUMPRODUCT(--('Repartition stock'!$A$6:$A$94="2026Q2"),--('Repartition stock'!$B$6:$B$94="DK"),--('Repartition stock'!$E$6:$E$94="Millésime"),--('Repartition stock'!$F$6:$F$94="2023"))=0,SUMPRODUCT(--('Repartition stock'!$A$6:$A$94="2026Q2"),--('Repartition stock'!$B$6:$B$94="DK"),--('Repartition stock'!$E$6:$E$94="Millésime"),--('Repartition stock'!$F$6:$F$94="2023"),--('Repartition stock'!$G$6:$G$94="n.d."))>0),"n.d.",SUMPRODUCT(--('Repartition stock'!$A$6:$A$94="2026Q2"),--('Repartition stock'!$B$6:$B$94="DK"),--('Repartition stock'!$E$6:$E$94="Millésime"),--('Repartition stock'!$F$6:$F$94="2023"),'Repartition stock'!$G$6:$G$94)) -> 0 | Z20: =IF(OR(SUMPRODUCT(--('Repartition stock'!$A$6:$A$94="2026Q2"),--('Repartition stock'!$B$6:$B$94="DK"),--('Repartition stock'!$E$6:$E$94="Millésime"),--('Repartition stock'!$F$6:$F$94="2023"))=0,SUMPRODUCT(--('Repartition stock'!$A$6:$A$94="2026Q2"),--('Repartition stock'!$B$6:$B$94="DK"),--('Repartition stock'!$E$6:$E$94="Millésime"),--('Repartition stock'!$F$6:$F$94="2023"),--('Repartition stock'!$H$6:$H$94="n.d."))>0),"n.d.",SUMPRODUCT(--('Repartition stock'!$A$6:$A$94="2026Q2"),--('Repartition stock'!$B$6:$B$94="DK"),--('Repartition stock'!$E$6:$E$94="Millésime"),--('Repartition stock'!$F$6:$F$94="2023"),'Repartition stock'!$H$6:$H$94)) -> 0 | AC20: =IF(OR(COUNT(X20,X24)<>2,X24=0),"n.d.",X20/X24) -> 0 | AE20: =IF(OR(COUNT(Z20,Z24)<>2,Z24=0),"n.d.",Z20/Z24) -> 0
U21: 2024 | X21: =IF(OR(SUMPRODUCT(--('Repartition stock'!$A$6:$A$94="2026Q2"),--('Repartition stock'!$B$6:$B$94="DK"),--('Repartition stock'!$E$6:$E$94="Millésime"),--('Repartition stock'!$F$6:$F$94="2024"))=0,SUMPRODUCT(--('Repartition stock'!$A$6:$A$94="2026Q2"),--('Repartition stock'!$B$6:$B$94="DK"),--('Repartition stock'!$E$6:$E$94="Millésime"),--('Repartition stock'!$F$6:$F$94="2024"),--('Repartition stock'!$G$6:$G$94="n.d."))>0),"n.d.",SUMPRODUCT(--('Repartition stock'!$A$6:$A$94="2026Q2"),--('Repartition stock'!$B$6:$B$94="DK"),--('Repartition stock'!$E$6:$E$94="Millésime"),--('Repartition stock'!$F$6:$F$94="2024"),'Repartition stock'!$G$6:$G$94)) -> 0 | Z21: =IF(OR(SUMPRODUCT(--('Repartition stock'!$A$6:$A$94="2026Q2"),--('Repartition stock'!$B$6:$B$94="DK"),--('Repartition stock'!$E$6:$E$94="Millésime"),--('Repartition stock'!$F$6:$F$94="2024"))=0,SUMPRODUCT(--('Repartition stock'!$A$6:$A$94="2026Q2"),--('Repartition stock'!$B$6:$B$94="DK"),--('Repartition stock'!$E$6:$E$94="Millésime"),--('Repartition stock'!$F$6:$F$94="2024"),--('Repartition stock'!$H$6:$H$94="n.d."))>0),"n.d.",SUMPRODUCT(--('Repartition stock'!$A$6:$A$94="2026Q2"),--('Repartition stock'!$B$6:$B$94="DK"),--('Repartition stock'!$E$6:$E$94="Millésime"),--('Repartition stock'!$F$6:$F$94="2024"),'Repartition stock'!$H$6:$H$94)) -> 0 | AC21: =IF(OR(COUNT(X21,X24)<>2,X24=0),"n.d.",X21/X24) -> 0 | AE21: =IF(OR(COUNT(Z21,Z24)<>2,Z24=0),"n.d.",Z21/Z24) -> 0
U22: 2025 | X22: =IF(OR(SUMPRODUCT(--('Repartition stock'!$A$6:$A$94="2026Q2"),--('Repartition stock'!$B$6:$B$94="DK"),--('Repartition stock'!$E$6:$E$94="Millésime"),--('Repartition stock'!$F$6:$F$94="2025"))=0,SUMPRODUCT(--('Repartition stock'!$A$6:$A$94="2026Q2"),--('Repartition stock'!$B$6:$B$94="DK"),--('Repartition stock'!$E$6:$E$94="Millésime"),--('Repartition stock'!$F$6:$F$94="2025"),--('Repartition stock'!$G$6:$G$94="n.d."))>0),"n.d.",SUMPRODUCT(--('Repartition stock'!$A$6:$A$94="2026Q2"),--('Repartition stock'!$B$6:$B$94="DK"),--('Repartition stock'!$E$6:$E$94="Millésime"),--('Repartition stock'!$F$6:$F$94="2025"),'Repartition stock'!$G$6:$G$94)) -> 0 | Z22: =IF(OR(SUMPRODUCT(--('Repartition stock'!$A$6:$A$94="2026Q2"),--('Repartition stock'!$B$6:$B$94="DK"),--('Repartition stock'!$E$6:$E$94="Millésime"),--('Repartition stock'!$F$6:$F$94="2025"))=0,SUMPRODUCT(--('Repartition stock'!$A$6:$A$94="2026Q2"),--('Repartition stock'!$B$6:$B$94="DK"),--('Repartition stock'!$E$6:$E$94="Millésime"),--('Repartition stock'!$F$6:$F$94="2025"),--('Repartition stock'!$H$6:$H$94="n.d."))>0),"n.d.",SUMPRODUCT(--('Repartition stock'!$A$6:$A$94="2026Q2"),--('Repartition stock'!$B$6:$B$94="DK"),--('Repartition stock'!$E$6:$E$94="Millésime"),--('Repartition stock'!$F$6:$F$94="2025"),'Repartition stock'!$H$6:$H$94)) -> 0 | AC22: =IF(OR(COUNT(X22,X24)<>2,X24=0),"n.d.",X22/X24) -> 0 | AE22: =IF(OR(COUNT(Z22,Z24)<>2,Z24=0),"n.d.",Z22/Z24) -> 0
U23: 2026 | X23: =IF(OR(SUMPRODUCT(--('Repartition stock'!$A$6:$A$94="2026Q2"),--('Repartition stock'!$B$6:$B$94="DK"),--('Repartition stock'!$E$6:$E$94="Millésime"),--('Repartition stock'!$F$6:$F$94="2026"))=0,SUMPRODUCT(--('Repartition stock'!$A$6:$A$94="2026Q2"),--('Repartition stock'!$B$6:$B$94="DK"),--('Repartition stock'!$E$6:$E$94="Millésime"),--('Repartition stock'!$F$6:$F$94="2026"),--('Repartition stock'!$G$6:$G$94="n.d."))>0),"n.d.",SUMPRODUCT(--('Repartition stock'!$A$6:$A$94="2026Q2"),--('Repartition stock'!$B$6:$B$94="DK"),--('Repartition stock'!$E$6:$E$94="Millésime"),--('Repartition stock'!$F$6:$F$94="2026"),'Repartition stock'!$G$6:$G$94)) -> 692 | Z23: =IF(OR(SUMPRODUCT(--('Repartition stock'!$A$6:$A$94="2026Q2"),--('Repartition stock'!$B$6:$B$94="DK"),--('Repartition stock'!$E$6:$E$94="Millésime"),--('Repartition stock'!$F$6:$F$94="2026"))=0,SUMPRODUCT(--('Repartition stock'!$A$6:$A$94="2026Q2"),--('Repartition stock'!$B$6:$B$94="DK"),--('Repartition stock'!$E$6:$E$94="Millésime"),--('Repartition stock'!$F$6:$F$94="2026"),--('Repartition stock'!$H$6:$H$94="n.d."))>0),"n.d.",SUMPRODUCT(--('Repartition stock'!$A$6:$A$94="2026Q2"),--('Repartition stock'!$B$6:$B$94="DK"),--('Repartition stock'!$E$6:$E$94="Millésime"),--('Repartition stock'!$F$6:$F$94="2026"),'Repartition stock'!$H$6:$H$94)) -> 182297.81 | AC23: =IF(OR(COUNT(X23,X24)<>2,X24=0),"n.d.",X23/X24) -> 1 | AE23: =IF(OR(COUNT(Z23,Z24)<>2,Z24=0),"n.d.",Z23/Z24) -> 1
R24: Total: | X24: =IF(COUNT(X14:X23)=10,SUM(X14:X23),"n.d.") -> 692 | Z24: =IF(COUNT(Z14:Z23)=10,SUM(Z14:Z23),"n.d.") -> 182297.81 | AC24: =IF(OR(NOT(ISNUMBER(X24)),X24=0),"n.d.",1) -> 1 | AE24: =IF(OR(NOT(ISNUMBER(Z24)),Z24=0),"n.d.",1) -> 1
B30: ="Average monthly new flow: "&IF(ISNUMBER('GraphData'!A137),TEXT('GraphData'!A137,"#,##0"),"n.d.")&" DKK. Average balance per contract: "&IF(ISNUMBER('GraphData'!B137),TEXT('GraphData'!B137,"#,##0"),"n.d.")&" DKK." -> Average monthly new flow: 143,487 DKK. Average balance per contract: 395 DKK.
B32: ="Oldest cohort (M-5): "&IF(ISNUMBER('GraphData'!C137),TEXT('GraphData'!C137,"0.0%"),"n.d.")&" treated in amount and "&IF(ISNUMBER('GraphData'!D137),TEXT('GraphData'!D137,"0.0%"),"n.d.")&" in number." -> Oldest cohort (M-5): 100.0% treated in amount and 100.0% in number.
B34: ="Stock to process: "&IF(ISNUMBER('GraphData'!E137),TEXT('GraphData'!E137,"#,##0"),"n.d.")&" DKK. Identified stock: "&IF(ISNUMBER('GraphData'!F137),TEXT('GraphData'!F137,"#,##0"),"n.d.")&" DKK." -> Stock to process: 182,298 DKK. Identified stock: 182,298 DKK.
B36: Separate CST account not supplied. Identified stock excludes CST.
B42: Positive Balance 2026Q2 Source: country workbooks and Taux.xlsx Internal

Sheet NO Norway
B2: Norway in NOK | R2: STOCK OF POSITIVE BALANCES to be processed (KPI_3) | X2: 46203
X3: Number of contracts | Z3: Total amount NOK | AC3: % in number | AE3: % in amount
B5: Reporting at 30 June 2026. Six monthly cohorts.
R7: By step of amount | U7: 0 - 11,3 Kr | X7: =IF(OR(SUMPRODUCT(--('Repartition stock'!$A$6:$A$94="2026Q2"),--('Repartition stock'!$B$6:$B$94="NO"),--('Repartition stock'!$E$6:$E$94="Tranche"),--('Repartition stock'!$F$6:$F$94="0 - 11,3 Kr"))=0,SUMPRODUCT(--('Repartition stock'!$A$6:$A$94="2026Q2"),--('Repartition stock'!$B$6:$B$94="NO"),--('Repartition stock'!$E$6:$E$94="Tranche"),--('Repartition stock'!$F$6:$F$94="0 - 11,3 Kr"),--('Repartition stock'!$G$6:$G$94="n.d."))>0),"n.d.",SUMPRODUCT(--('Repartition stock'!$A$6:$A$94="2026Q2"),--('Repartition stock'!$B$6:$B$94="NO"),--('Repartition stock'!$E$6:$E$94="Tranche"),--('Repartition stock'!$F$6:$F$94="0 - 11,3 Kr"),'Repartition stock'!$G$6:$G$94)) -> 215 | Z7: =IF(OR(SUMPRODUCT(--('Repartition stock'!$A$6:$A$94="2026Q2"),--('Repartition stock'!$B$6:$B$94="NO"),--('Repartition stock'!$E$6:$E$94="Tranche"),--('Repartition stock'!$F$6:$F$94="0 - 11,3 Kr"))=0,SUMPRODUCT(--('Repartition stock'!$A$6:$A$94="2026Q2"),--('Repartition stock'!$B$6:$B$94="NO"),--('Repartition stock'!$E$6:$E$94="Tranche"),--('Repartition stock'!$F$6:$F$94="0 - 11,3 Kr"),--('Repartition stock'!$H$6:$H$94="n.d."))>0),"n.d.",SUMPRODUCT(--('Repartition stock'!$A$6:$A$94="2026Q2"),--('Repartition stock'!$B$6:$B$94="NO"),--('Repartition stock'!$E$6:$E$94="Tranche"),--('Repartition stock'!$F$6:$F$94="0 - 11,3 Kr"),'Repartition stock'!$H$6:$H$94)) -> 900.84 | AC7: =IF(OR(COUNT(X7,X12)<>2,X12=0),"n.d.",X7/X12) -> 0.46637744 | AE7: =IF(OR(COUNT(Z7,Z12)<>2,Z12=0),"n.d.",Z7/Z12) -> 0.0073689513
U8: 11,3 - 113 Kr | X8: =IF(OR(SUMPRODUCT(--('Repartition stock'!$A$6:$A$94="2026Q2"),--('Repartition stock'!$B$6:$B$94="NO"),--('Repartition stock'!$E$6:$E$94="Tranche"),--('Repartition stock'!$F$6:$F$94="11,3 - 113 Kr"))=0,SUMPRODUCT(--('Repartition stock'!$A$6:$A$94="2026Q2"),--('Repartition stock'!$B$6:$B$94="NO"),--('Repartition stock'!$E$6:$E$94="Tranche"),--('Repartition stock'!$F$6:$F$94="11,3 - 113 Kr"),--('Repartition stock'!$G$6:$G$94="n.d."))>0),"n.d.",SUMPRODUCT(--('Repartition stock'!$A$6:$A$94="2026Q2"),--('Repartition stock'!$B$6:$B$94="NO"),--('Repartition stock'!$E$6:$E$94="Tranche"),--('Repartition stock'!$F$6:$F$94="11,3 - 113 Kr"),'Repartition stock'!$G$6:$G$94)) -> 118 | Z8: =IF(OR(SUMPRODUCT(--('Repartition stock'!$A$6:$A$94="2026Q2"),--('Repartition stock'!$B$6:$B$94="NO"),--('Repartition stock'!$E$6:$E$94="Tranche"),--('Repartition stock'!$F$6:$F$94="11,3 - 113 Kr"))=0,SUMPRODUCT(--('Repartition stock'!$A$6:$A$94="2026Q2"),--('Repartition stock'!$B$6:$B$94="NO"),--('Repartition stock'!$E$6:$E$94="Tranche"),--('Repartition stock'!$F$6:$F$94="11,3 - 113 Kr"),--('Repartition stock'!$H$6:$H$94="n.d."))>0),"n.d.",SUMPRODUCT(--('Repartition stock'!$A$6:$A$94="2026Q2"),--('Repartition stock'!$B$6:$B$94="NO"),--('Repartition stock'!$E$6:$E$94="Tranche"),--('Repartition stock'!$F$6:$F$94="11,3 - 113 Kr"),'Repartition stock'!$H$6:$H$94)) -> 4661.59 | AC8: =IF(OR(COUNT(X8,X12)<>2,X12=0),"n.d.",X8/X12) -> 0.25596529 | AE8: =IF(OR(COUNT(Z8,Z12)<>2,Z12=0),"n.d.",Z8/Z12) -> 0.038132221
U9: 113 - 1131 Kr | X9: =IF(OR(SUMPRODUCT(--('Repartition stock'!$A$6:$A$94="2026Q2"),--('Repartition stock'!$B$6:$B$94="NO"),--('Repartition stock'!$E$6:$E$94="Tranche"),--('Repartition stock'!$F$6:$F$94="113 - 1131 Kr"))=0,SUMPRODUCT(--('Repartition stock'!$A$6:$A$94="2026Q2"),--('Repartition stock'!$B$6:$B$94="NO"),--('Repartition stock'!$E$6:$E$94="Tranche"),--('Repartition stock'!$F$6:$F$94="113 - 1131 Kr"),--('Repartition stock'!$G$6:$G$94="n.d."))>0),"n.d.",SUMPRODUCT(--('Repartition stock'!$A$6:$A$94="2026Q2"),--('Repartition stock'!$B$6:$B$94="NO"),--('Repartition stock'!$E$6:$E$94="Tranche"),--('Repartition stock'!$F$6:$F$94="113 - 1131 Kr"),'Repartition stock'!$G$6:$G$94)) -> 108 | Z9: =IF(OR(SUMPRODUCT(--('Repartition stock'!$A$6:$A$94="2026Q2"),--('Repartition stock'!$B$6:$B$94="NO"),--('Repartition stock'!$E$6:$E$94="Tranche"),--('Repartition stock'!$F$6:$F$94="113 - 1131 Kr"))=0,SUMPRODUCT(--('Repartition stock'!$A$6:$A$94="2026Q2"),--('Repartition stock'!$B$6:$B$94="NO"),--('Repartition stock'!$E$6:$E$94="Tranche"),--('Repartition stock'!$F$6:$F$94="113 - 1131 Kr"),--('Repartition stock'!$H$6:$H$94="n.d."))>0),"n.d.",SUMPRODUCT(--('Repartition stock'!$A$6:$A$94="2026Q2"),--('Repartition stock'!$B$6:$B$94="NO"),--('Repartition stock'!$E$6:$E$94="Tranche"),--('Repartition stock'!$F$6:$F$94="113 - 1131 Kr"),'Repartition stock'!$H$6:$H$94)) -> 46587.51 | AC9: =IF(OR(COUNT(X9,X12)<>2,X12=0),"n.d.",X9/X12) -> 0.23427332 | AE9: =IF(OR(COUNT(Z9,Z12)<>2,Z12=0),"n.d.",Z9/Z12) -> 0.38108997
U10: 1131 - 11311 Kr | X10: =IF(OR(SUMPRODUCT(--('Repartition stock'!$A$6:$A$94="2026Q2"),--('Repartition stock'!$B$6:$B$94="NO"),--('Repartition stock'!$E$6:$E$94="Tranche"),--('Repartition stock'!$F$6:$F$94="1131 - 11311 Kr"))=0,SUMPRODUCT(--('Repartition stock'!$A$6:$A$94="2026Q2"),--('Repartition stock'!$B$6:$B$94="NO"),--('Repartition stock'!$E$6:$E$94="Tranche"),--('Repartition stock'!$F$6:$F$94="1131 - 11311 Kr"),--('Repartition stock'!$G$6:$G$94="n.d."))>0),"n.d.",SUMPRODUCT(--('Repartition stock'!$A$6:$A$94="2026Q2"),--('Repartition stock'!$B$6:$B$94="NO"),--('Repartition stock'!$E$6:$E$94="Tranche"),--('Repartition stock'!$F$6:$F$94="1131 - 11311 Kr"),'Repartition stock'!$G$6:$G$94)) -> 20 | Z10: =IF(OR(SUMPRODUCT(--('Repartition stock'!$A$6:$A$94="2026Q2"),--('Repartition stock'!$B$6:$B$94="NO"),--('Repartition stock'!$E$6:$E$94="Tranche"),--('Repartition stock'!$F$6:$F$94="1131 - 11311 Kr"))=0,SUMPRODUCT(--('Repartition stock'!$A$6:$A$94="2026Q2"),--('Repartition stock'!$B$6:$B$94="NO"),--('Repartition stock'!$E$6:$E$94="Tranche"),--('Repartition stock'!$F$6:$F$94="1131 - 11311 Kr"),--('Repartition stock'!$H$6:$H$94="n.d."))>0),"n.d.",SUMPRODUCT(--('Repartition stock'!$A$6:$A$94="2026Q2"),--('Repartition stock'!$B$6:$B$94="NO"),--('Repartition stock'!$E$6:$E$94="Tranche"),--('Repartition stock'!$F$6:$F$94="1131 - 11311 Kr"),'Repartition stock'!$H$6:$H$94)) -> 70098.12 | AC10: =IF(OR(COUNT(X10,X12)<>2,X12=0),"n.d.",X10/X12) -> 0.043383948 | AE10: =IF(OR(COUNT(Z10,Z12)<>2,Z12=0),"n.d.",Z10/Z12) -> 0.57340885
U11: >11311 Kr | X11: =IF(OR(SUMPRODUCT(--('Repartition stock'!$A$6:$A$94="2026Q2"),--('Repartition stock'!$B$6:$B$94="NO"),--('Repartition stock'!$E$6:$E$94="Tranche"),--('Repartition stock'!$F$6:$F$94=">11311 Kr"))=0,SUMPRODUCT(--('Repartition stock'!$A$6:$A$94="2026Q2"),--('Repartition stock'!$B$6:$B$94="NO"),--('Repartition stock'!$E$6:$E$94="Tranche"),--('Repartition stock'!$F$6:$F$94=">11311 Kr"),--('Repartition stock'!$G$6:$G$94="n.d."))>0),"n.d.",SUMPRODUCT(--('Repartition stock'!$A$6:$A$94="2026Q2"),--('Repartition stock'!$B$6:$B$94="NO"),--('Repartition stock'!$E$6:$E$94="Tranche"),--('Repartition stock'!$F$6:$F$94=">11311 Kr"),'Repartition stock'!$G$6:$G$94)) -> 0 | Z11: =IF(OR(SUMPRODUCT(--('Repartition stock'!$A$6:$A$94="2026Q2"),--('Repartition stock'!$B$6:$B$94="NO"),--('Repartition stock'!$E$6:$E$94="Tranche"),--('Repartition stock'!$F$6:$F$94=">11311 Kr"))=0,SUMPRODUCT(--('Repartition stock'!$A$6:$A$94="2026Q2"),--('Repartition stock'!$B$6:$B$94="NO"),--('Repartition stock'!$E$6:$E$94="Tranche"),--('Repartition stock'!$F$6:$F$94=">11311 Kr"),--('Repartition stock'!$H$6:$H$94="n.d."))>0),"n.d.",SUMPRODUCT(--('Repartition stock'!$A$6:$A$94="2026Q2"),--('Repartition stock'!$B$6:$B$94="NO"),--('Repartition stock'!$E$6:$E$94="Tranche"),--('Repartition stock'!$F$6:$F$94=">11311 Kr"),'Repartition stock'!$H$6:$H$94)) -> 0 | AC11: =IF(OR(COUNT(X11,X12)<>2,X12=0),"n.d.",X11/X12) -> 0 | AE11: =IF(OR(COUNT(Z11,Z12)<>2,Z12=0),"n.d.",Z11/Z12) -> 0
R12: Total: | X12: =IF(COUNT(X7:X11)=5,SUM(X7:X11),"n.d.") -> 461 | Z12: =IF(COUNT(Z7:Z11)=5,SUM(Z7:Z11),"n.d.") -> 122248.06 | AC12: =IF(OR(NOT(ISNUMBER(X12)),X12=0),"n.d.",1) -> 1 | AE12: =IF(OR(NOT(ISNUMBER(Z12)),Z12=0),"n.d.",1) -> 1
R14: By date of positive balance | U14: <2018 | X14: =IF(OR(SUMPRODUCT(--('Repartition stock'!$A$6:$A$94="2026Q2"),--('Repartition stock'!$B$6:$B$94="NO"),--('Repartition stock'!$E$6:$E$94="Millésime"),--('Repartition stock'!$F$6:$F$94="<2018"))=0,SUMPRODUCT(--('Repartition stock'!$A$6:$A$94="2026Q2"),--('Repartition stock'!$B$6:$B$94="NO"),--('Repartition stock'!$E$6:$E$94="Millésime"),--('Repartition stock'!$F$6:$F$94="<2018"),--('Repartition stock'!$G$6:$G$94="n.d."))>0),"n.d.",SUMPRODUCT(--('Repartition stock'!$A$6:$A$94="2026Q2"),--('Repartition stock'!$B$6:$B$94="NO"),--('Repartition stock'!$E$6:$E$94="Millésime"),--('Repartition stock'!$F$6:$F$94="<2018"),'Repartition stock'!$G$6:$G$94)) -> 0 | Z14: =IF(OR(SUMPRODUCT(--('Repartition stock'!$A$6:$A$94="2026Q2"),--('Repartition stock'!$B$6:$B$94="NO"),--('Repartition stock'!$E$6:$E$94="Millésime"),--('Repartition stock'!$F$6:$F$94="<2018"))=0,SUMPRODUCT(--('Repartition stock'!$A$6:$A$94="2026Q2"),--('Repartition stock'!$B$6:$B$94="NO"),--('Repartition stock'!$E$6:$E$94="Millésime"),--('Repartition stock'!$F$6:$F$94="<2018"),--('Repartition stock'!$H$6:$H$94="n.d."))>0),"n.d.",SUMPRODUCT(--('Repartition stock'!$A$6:$A$94="2026Q2"),--('Repartition stock'!$B$6:$B$94="NO"),--('Repartition stock'!$E$6:$E$94="Millésime"),--('Repartition stock'!$F$6:$F$94="<2018"),'Repartition stock'!$H$6:$H$94)) -> 0 | AC14: =IF(OR(COUNT(X14,X24)<>2,X24=0),"n.d.",X14/X24) -> 0 | AE14: =IF(OR(COUNT(Z14,Z24)<>2,Z24=0),"n.d.",Z14/Z24) -> 0
U15: 2018 | X15: =IF(OR(SUMPRODUCT(--('Repartition stock'!$A$6:$A$94="2026Q2"),--('Repartition stock'!$B$6:$B$94="NO"),--('Repartition stock'!$E$6:$E$94="Millésime"),--('Repartition stock'!$F$6:$F$94="2018"))=0,SUMPRODUCT(--('Repartition stock'!$A$6:$A$94="2026Q2"),--('Repartition stock'!$B$6:$B$94="NO"),--('Repartition stock'!$E$6:$E$94="Millésime"),--('Repartition stock'!$F$6:$F$94="2018"),--('Repartition stock'!$G$6:$G$94="n.d."))>0),"n.d.",SUMPRODUCT(--('Repartition stock'!$A$6:$A$94="2026Q2"),--('Repartition stock'!$B$6:$B$94="NO"),--('Repartition stock'!$E$6:$E$94="Millésime"),--('Repartition stock'!$F$6:$F$94="2018"),'Repartition stock'!$G$6:$G$94)) -> 0 | Z15: =IF(OR(SUMPRODUCT(--('Repartition stock'!$A$6:$A$94="2026Q2"),--('Repartition stock'!$B$6:$B$94="NO"),--('Repartition stock'!$E$6:$E$94="Millésime"),--('Repartition stock'!$F$6:$F$94="2018"))=0,SUMPRODUCT(--('Repartition stock'!$A$6:$A$94="2026Q2"),--('Repartition stock'!$B$6:$B$94="NO"),--('Repartition stock'!$E$6:$E$94="Millésime"),--('Repartition stock'!$F$6:$F$94="2018"),--('Repartition stock'!$H$6:$H$94="n.d."))>0),"n.d.",SUMPRODUCT(--('Repartition stock'!$A$6:$A$94="2026Q2"),--('Repartition stock'!$B$6:$B$94="NO"),--('Repartition stock'!$E$6:$E$94="Millésime"),--('Repartition stock'!$F$6:$F$94="2018"),'Repartition stock'!$H$6:$H$94)) -> 0 | AC15: =IF(OR(COUNT(X15,X24)<>2,X24=0),"n.d.",X15/X24) -> 0 | AE15: =IF(OR(COUNT(Z15,Z24)<>2,Z24=0),"n.d.",Z15/Z24) -> 0
U16: 2019 | X16: =IF(OR(SUMPRODUCT(--('Repartition stock'!$A$6:$A$94="2026Q2"),--('Repartition stock'!$B$6:$B$94="NO"),--('Repartition stock'!$E$6:$E$94="Millésime"),--('Repartition stock'!$F$6:$F$94="2019"))=0,SUMPRODUCT(--('Repartition stock'!$A$6:$A$94="2026Q2"),--('Repartition stock'!$B$6:$B$94="NO"),--('Repartition stock'!$E$6:$E$94="Millésime"),--('Repartition stock'!$F$6:$F$94="2019"),--('Repartition stock'!$G$6:$G$94="n.d."))>0),"n.d.",SUMPRODUCT(--('Repartition stock'!$A$6:$A$94="2026Q2"),--('Repartition stock'!$B$6:$B$94="NO"),--('Repartition stock'!$E$6:$E$94="Millésime"),--('Repartition stock'!$F$6:$F$94="2019"),'Repartition stock'!$G$6:$G$94)) -> 0 | Z16: =IF(OR(SUMPRODUCT(--('Repartition stock'!$A$6:$A$94="2026Q2"),--('Repartition stock'!$B$6:$B$94="NO"),--('Repartition stock'!$E$6:$E$94="Millésime"),--('Repartition stock'!$F$6:$F$94="2019"))=0,SUMPRODUCT(--('Repartition stock'!$A$6:$A$94="2026Q2"),--('Repartition stock'!$B$6:$B$94="NO"),--('Repartition stock'!$E$6:$E$94="Millésime"),--('Repartition stock'!$F$6:$F$94="2019"),--('Repartition stock'!$H$6:$H$94="n.d."))>0),"n.d.",SUMPRODUCT(--('Repartition stock'!$A$6:$A$94="2026Q2"),--('Repartition stock'!$B$6:$B$94="NO"),--('Repartition stock'!$E$6:$E$94="Millésime"),--('Repartition stock'!$F$6:$F$94="2019"),'Repartition stock'!$H$6:$H$94)) -> 0 | AC16: =IF(OR(COUNT(X16,X24)<>2,X24=0),"n.d.",X16/X24) -> 0 | AE16: =IF(OR(COUNT(Z16,Z24)<>2,Z24=0),"n.d.",Z16/Z24) -> 0
U17: 2020 | X17: =IF(OR(SUMPRODUCT(--('Repartition stock'!$A$6:$A$94="2026Q2"),--('Repartition stock'!$B$6:$B$94="NO"),--('Repartition stock'!$E$6:$E$94="Millésime"),--('Repartition stock'!$F$6:$F$94="2020"))=0,SUMPRODUCT(--('Repartition stock'!$A$6:$A$94="2026Q2"),--('Repartition stock'!$B$6:$B$94="NO"),--('Repartition stock'!$E$6:$E$94="Millésime"),--('Repartition stock'!$F$6:$F$94="2020"),--('Repartition stock'!$G$6:$G$94="n.d."))>0),"n.d.",SUMPRODUCT(--('Repartition stock'!$A$6:$A$94="2026Q2"),--('Repartition stock'!$B$6:$B$94="NO"),--('Repartition stock'!$E$6:$E$94="Millésime"),--('Repartition stock'!$F$6:$F$94="2020"),'Repartition stock'!$G$6:$G$94)) -> 0 | Z17: =IF(OR(SUMPRODUCT(--('Repartition stock'!$A$6:$A$94="2026Q2"),--('Repartition stock'!$B$6:$B$94="NO"),--('Repartition stock'!$E$6:$E$94="Millésime"),--('Repartition stock'!$F$6:$F$94="2020"))=0,SUMPRODUCT(--('Repartition stock'!$A$6:$A$94="2026Q2"),--('Repartition stock'!$B$6:$B$94="NO"),--('Repartition stock'!$E$6:$E$94="Millésime"),--('Repartition stock'!$F$6:$F$94="2020"),--('Repartition stock'!$H$6:$H$94="n.d."))>0),"n.d.",SUMPRODUCT(--('Repartition stock'!$A$6:$A$94="2026Q2"),--('Repartition stock'!$B$6:$B$94="NO"),--('Repartition stock'!$E$6:$E$94="Millésime"),--('Repartition stock'!$F$6:$F$94="2020"),'Repartition stock'!$H$6:$H$94)) -> 0 | AC17: =IF(OR(COUNT(X17,X24)<>2,X24=0),"n.d.",X17/X24) -> 0 | AE17: =IF(OR(COUNT(Z17,Z24)<>2,Z24=0),"n.d.",Z17/Z24) -> 0
U18: 2021 | X18: =IF(OR(SUMPRODUCT(--('Repartition stock'!$A$6:$A$94="2026Q2"),--('Repartition stock'!$B$6:$B$94="NO"),--('Repartition stock'!$E$6:$E$94="Millésime"),--('Repartition stock'!$F$6:$F$94="2021"))=0,SUMPRODUCT(--('Repartition stock'!$A$6:$A$94="2026Q2"),--('Repartition stock'!$B$6:$B$94="NO"),--('Repartition stock'!$E$6:$E$94="Millésime"),--('Repartition stock'!$F$6:$F$94="2021"),--('Repartition stock'!$G$6:$G$94="n.d."))>0),"n.d.",SUMPRODUCT(--('Repartition stock'!$A$6:$A$94="2026Q2"),--('Repartition stock'!$B$6:$B$94="NO"),--('Repartition stock'!$E$6:$E$94="Millésime"),--('Repartition stock'!$F$6:$F$94="2021"),'Repartition stock'!$G$6:$G$94)) -> 0 | Z18: =IF(OR(SUMPRODUCT(--('Repartition stock'!$A$6:$A$94="2026Q2"),--('Repartition stock'!$B$6:$B$94="NO"),--('Repartition stock'!$E$6:$E$94="Millésime"),--('Repartition stock'!$F$6:$F$94="2021"))=0,SUMPRODUCT(--('Repartition stock'!$A$6:$A$94="2026Q2"),--('Repartition stock'!$B$6:$B$94="NO"),--('Repartition stock'!$E$6:$E$94="Millésime"),--('Repartition stock'!$F$6:$F$94="2021"),--('Repartition stock'!$H$6:$H$94="n.d."))>0),"n.d.",SUMPRODUCT(--('Repartition stock'!$A$6:$A$94="2026Q2"),--('Repartition stock'!$B$6:$B$94="NO"),--('Repartition stock'!$E$6:$E$94="Millésime"),--('Repartition stock'!$F$6:$F$94="2021"),'Repartition stock'!$H$6:$H$94)) -> 0 | AC18: =IF(OR(COUNT(X18,X24)<>2,X24=0),"n.d.",X18/X24) -> 0 | AE18: =IF(OR(COUNT(Z18,Z24)<>2,Z24=0),"n.d.",Z18/Z24) -> 0
U19: 2022 | X19: =IF(OR(SUMPRODUCT(--('Repartition stock'!$A$6:$A$94="2026Q2"),--('Repartition stock'!$B$6:$B$94="NO"),--('Repartition stock'!$E$6:$E$94="Millésime"),--('Repartition stock'!$F$6:$F$94="2022"))=0,SUMPRODUCT(--('Repartition stock'!$A$6:$A$94="2026Q2"),--('Repartition stock'!$B$6:$B$94="NO"),--('Repartition stock'!$E$6:$E$94="Millésime"),--('Repartition stock'!$F$6:$F$94="2022"),--('Repartition stock'!$G$6:$G$94="n.d."))>0),"n.d.",SUMPRODUCT(--('Repartition stock'!$A$6:$A$94="2026Q2"),--('Repartition stock'!$B$6:$B$94="NO"),--('Repartition stock'!$E$6:$E$94="Millésime"),--('Repartition stock'!$F$6:$F$94="2022"),'Repartition stock'!$G$6:$G$94)) -> 0 | Z19: =IF(OR(SUMPRODUCT(--('Repartition stock'!$A$6:$A$94="2026Q2"),--('Repartition stock'!$B$6:$B$94="NO"),--('Repartition stock'!$E$6:$E$94="Millésime"),--('Repartition stock'!$F$6:$F$94="2022"))=0,SUMPRODUCT(--('Repartition stock'!$A$6:$A$94="2026Q2"),--('Repartition stock'!$B$6:$B$94="NO"),--('Repartition stock'!$E$6:$E$94="Millésime"),--('Repartition stock'!$F$6:$F$94="2022"),--('Repartition stock'!$H$6:$H$94="n.d."))>0),"n.d.",SUMPRODUCT(--('Repartition stock'!$A$6:$A$94="2026Q2"),--('Repartition stock'!$B$6:$B$94="NO"),--('Repartition stock'!$E$6:$E$94="Millésime"),--('Repartition stock'!$F$6:$F$94="2022"),'Repartition stock'!$H$6:$H$94)) -> 0 | AC19: =IF(OR(COUNT(X19,X24)<>2,X24=0),"n.d.",X19/X24) -> 0 | AE19: =IF(OR(COUNT(Z19,Z24)<>2,Z24=0),"n.d.",Z19/Z24) -> 0
U20: 2023 | X20: =IF(OR(SUMPRODUCT(--('Repartition stock'!$A$6:$A$94="2026Q2"),--('Repartition stock'!$B$6:$B$94="NO"),--('Repartition stock'!$E$6:$E$94="Millésime"),--('Repartition stock'!$F$6:$F$94="2023"))=0,SUMPRODUCT(--('Repartition stock'!$A$6:$A$94="2026Q2"),--('Repartition stock'!$B$6:$B$94="NO"),--('Repartition stock'!$E$6:$E$94="Millésime"),--('Repartition stock'!$F$6:$F$94="2023"),--('Repartition stock'!$G$6:$G$94="n.d."))>0),"n.d.",SUMPRODUCT(--('Repartition stock'!$A$6:$A$94="2026Q2"),--('Repartition stock'!$B$6:$B$94="NO"),--('Repartition stock'!$E$6:$E$94="Millésime"),--('Repartition stock'!$F$6:$F$94="2023"),'Repartition stock'!$G$6:$G$94)) -> 0 | Z20: =IF(OR(SUMPRODUCT(--('Repartition stock'!$A$6:$A$94="2026Q2"),--('Repartition stock'!$B$6:$B$94="NO"),--('Repartition stock'!$E$6:$E$94="Millésime"),--('Repartition stock'!$F$6:$F$94="2023"))=0,SUMPRODUCT(--('Repartition stock'!$A$6:$A$94="2026Q2"),--('Repartition stock'!$B$6:$B$94="NO"),--('Repartition stock'!$E$6:$E$94="Millésime"),--('Repartition stock'!$F$6:$F$94="2023"),--('Repartition stock'!$H$6:$H$94="n.d."))>0),"n.d.",SUMPRODUCT(--('Repartition stock'!$A$6:$A$94="2026Q2"),--('Repartition stock'!$B$6:$B$94="NO"),--('Repartition stock'!$E$6:$E$94="Millésime"),--('Repartition stock'!$F$6:$F$94="2023"),'Repartition stock'!$H$6:$H$94)) -> 0 | AC20: =IF(OR(COUNT(X20,X24)<>2,X24=0),"n.d.",X20/X24) -> 0 | AE20: =IF(OR(COUNT(Z20,Z24)<>2,Z24=0),"n.d.",Z20/Z24) -> 0
U21: 2024 | X21: =IF(OR(SUMPRODUCT(--('Repartition stock'!$A$6:$A$94="2026Q2"),--('Repartition stock'!$B$6:$B$94="NO"),--('Repartition stock'!$E$6:$E$94="Millésime"),--('Repartition stock'!$F$6:$F$94="2024"))=0,SUMPRODUCT(--('Repartition stock'!$A$6:$A$94="2026Q2"),--('Repartition stock'!$B$6:$B$94="NO"),--('Repartition stock'!$E$6:$E$94="Millésime"),--('Repartition stock'!$F$6:$F$94="2024"),--('Repartition stock'!$G$6:$G$94="n.d."))>0),"n.d.",SUMPRODUCT(--('Repartition stock'!$A$6:$A$94="2026Q2"),--('Repartition stock'!$B$6:$B$94="NO"),--('Repartition stock'!$E$6:$E$94="Millésime"),--('Repartition stock'!$F$6:$F$94="2024"),'Repartition stock'!$G$6:$G$94)) -> 0 | Z21: =IF(OR(SUMPRODUCT(--('Repartition stock'!$A$6:$A$94="2026Q2"),--('Repartition stock'!$B$6:$B$94="NO"),--('Repartition stock'!$E$6:$E$94="Millésime"),--('Repartition stock'!$F$6:$F$94="2024"))=0,SUMPRODUCT(--('Repartition stock'!$A$6:$A$94="2026Q2"),--('Repartition stock'!$B$6:$B$94="NO"),--('Repartition stock'!$E$6:$E$94="Millésime"),--('Repartition stock'!$F$6:$F$94="2024"),--('Repartition stock'!$H$6:$H$94="n.d."))>0),"n.d.",SUMPRODUCT(--('Repartition stock'!$A$6:$A$94="2026Q2"),--('Repartition stock'!$B$6:$B$94="NO"),--('Repartition stock'!$E$6:$E$94="Millésime"),--('Repartition stock'!$F$6:$F$94="2024"),'Repartition stock'!$H$6:$H$94)) -> 0 | AC21: =IF(OR(COUNT(X21,X24)<>2,X24=0),"n.d.",X21/X24) -> 0 | AE21: =IF(OR(COUNT(Z21,Z24)<>2,Z24=0),"n.d.",Z21/Z24) -> 0
U22: 2025 | X22: =IF(OR(SUMPRODUCT(--('Repartition stock'!$A$6:$A$94="2026Q2"),--('Repartition stock'!$B$6:$B$94="NO"),--('Repartition stock'!$E$6:$E$94="Millésime"),--('Repartition stock'!$F$6:$F$94="2025"))=0,SUMPRODUCT(--('Repartition stock'!$A$6:$A$94="2026Q2"),--('Repartition stock'!$B$6:$B$94="NO"),--('Repartition stock'!$E$6:$E$94="Millésime"),--('Repartition stock'!$F$6:$F$94="2025"),--('Repartition stock'!$G$6:$G$94="n.d."))>0),"n.d.",SUMPRODUCT(--('Repartition stock'!$A$6:$A$94="2026Q2"),--('Repartition stock'!$B$6:$B$94="NO"),--('Repartition stock'!$E$6:$E$94="Millésime"),--('Repartition stock'!$F$6:$F$94="2025"),'Repartition stock'!$G$6:$G$94)) -> 0 | Z22: =IF(OR(SUMPRODUCT(--('Repartition stock'!$A$6:$A$94="2026Q2"),--('Repartition stock'!$B$6:$B$94="NO"),--('Repartition stock'!$E$6:$E$94="Millésime"),--('Repartition stock'!$F$6:$F$94="2025"))=0,SUMPRODUCT(--('Repartition stock'!$A$6:$A$94="2026Q2"),--('Repartition stock'!$B$6:$B$94="NO"),--('Repartition stock'!$E$6:$E$94="Millésime"),--('Repartition stock'!$F$6:$F$94="2025"),--('Repartition stock'!$H$6:$H$94="n.d."))>0),"n.d.",SUMPRODUCT(--('Repartition stock'!$A$6:$A$94="2026Q2"),--('Repartition stock'!$B$6:$B$94="NO"),--('Repartition stock'!$E$6:$E$94="Millésime"),--('Repartition stock'!$F$6:$F$94="2025"),'Repartition stock'!$H$6:$H$94)) -> 0 | AC22: =IF(OR(COUNT(X22,X24)<>2,X24=0),"n.d.",X22/X24) -> 0 | AE22: =IF(OR(COUNT(Z22,Z24)<>2,Z24=0),"n.d.",Z22/Z24) -> 0
U23: 2026 | X23: =IF(OR(SUMPRODUCT(--('Repartition stock'!$A$6:$A$94="2026Q2"),--('Repartition stock'!$B$6:$B$94="NO"),--('Repartition stock'!$E$6:$E$94="Millésime"),--('Repartition stock'!$F$6:$F$94="2026"))=0,SUMPRODUCT(--('Repartition stock'!$A$6:$A$94="2026Q2"),--('Repartition stock'!$B$6:$B$94="NO"),--('Repartition stock'!$E$6:$E$94="Millésime"),--('Repartition stock'!$F$6:$F$94="2026"),--('Repartition stock'!$G$6:$G$94="n.d."))>0),"n.d.",SUMPRODUCT(--('Repartition stock'!$A$6:$A$94="2026Q2"),--('Repartition stock'!$B$6:$B$94="NO"),--('Repartition stock'!$E$6:$E$94="Millésime"),--('Repartition stock'!$F$6:$F$94="2026"),'Repartition stock'!$G$6:$G$94)) -> 461 | Z23: =IF(OR(SUMPRODUCT(--('Repartition stock'!$A$6:$A$94="2026Q2"),--('Repartition stock'!$B$6:$B$94="NO"),--('Repartition stock'!$E$6:$E$94="Millésime"),--('Repartition stock'!$F$6:$F$94="2026"))=0,SUMPRODUCT(--('Repartition stock'!$A$6:$A$94="2026Q2"),--('Repartition stock'!$B$6:$B$94="NO"),--('Repartition stock'!$E$6:$E$94="Millésime"),--('Repartition stock'!$F$6:$F$94="2026"),--('Repartition stock'!$H$6:$H$94="n.d."))>0),"n.d.",SUMPRODUCT(--('Repartition stock'!$A$6:$A$94="2026Q2"),--('Repartition stock'!$B$6:$B$94="NO"),--('Repartition stock'!$E$6:$E$94="Millésime"),--('Repartition stock'!$F$6:$F$94="2026"),'Repartition stock'!$H$6:$H$94)) -> 122248.06 | AC23: =IF(OR(COUNT(X23,X24)<>2,X24=0),"n.d.",X23/X24) -> 1 | AE23: =IF(OR(COUNT(Z23,Z24)<>2,Z24=0),"n.d.",Z23/Z24) -> 1
R24: Total: | X24: =IF(COUNT(X14:X23)=10,SUM(X14:X23),"n.d.") -> 461 | Z24: =IF(COUNT(Z14:Z23)=10,SUM(Z14:Z23),"n.d.") -> 122248.06 | AC24: =IF(OR(NOT(ISNUMBER(X24)),X24=0),"n.d.",1) -> 1 | AE24: =IF(OR(NOT(ISNUMBER(Z24)),Z24=0),"n.d.",1) -> 1
B30: ="Average monthly new flow: "&IF(ISNUMBER('GraphData'!A154),TEXT('GraphData'!A154,"#,##0"),"n.d.")&" NOK. Average balance per contract: "&IF(ISNUMBER('GraphData'!B154),TEXT('GraphData'!B154,"#,##0"),"n.d.")&" NOK." -> Average monthly new flow: 115,876 NOK. Average balance per contract: 620 NOK.
B32: ="Oldest cohort (M-5): "&IF(ISNUMBER('GraphData'!C154),TEXT('GraphData'!C154,"0.0%"),"n.d.")&" treated in amount and "&IF(ISNUMBER('GraphData'!D154),TEXT('GraphData'!D154,"0.0%"),"n.d.")&" in number." -> Oldest cohort (M-5): 94.1% treated in amount and 99.2% in number.
B34: ="Stock to process: "&IF(ISNUMBER('GraphData'!E154),TEXT('GraphData'!E154,"#,##0"),"n.d.")&" NOK. Identified stock: "&IF(ISNUMBER('GraphData'!F154),TEXT('GraphData'!F154,"#,##0"),"n.d.")&" NOK." -> Stock to process: 122,248 NOK. Identified stock: 122,248 NOK.
B36: Separate CST account not supplied. Identified stock excludes CST.
B42: Positive Balance 2026Q2 Source: country workbooks and Taux.xlsx Internal

Sheet SE Sweden
B2: Sweden in SEK | R2: STOCK OF POSITIVE BALANCES to be processed (KPI_3) | X2: 46203
X3: Number of contracts | Z3: Total amount SEK | AC3: % in number | AE3: % in amount
B5: Reporting at 30 June 2026. Six monthly cohorts.
R7: By step of amount | U7: 0 - 11,1 Kr | X7: =IF(OR(SUMPRODUCT(--('Repartition stock'!$A$6:$A$94="2026Q2"),--('Repartition stock'!$B$6:$B$94="SE"),--('Repartition stock'!$E$6:$E$94="Tranche"),--('Repartition stock'!$F$6:$F$94="0 - 11,1 Kr"))=0,SUMPRODUCT(--('Repartition stock'!$A$6:$A$94="2026Q2"),--('Repartition stock'!$B$6:$B$94="SE"),--('Repartition stock'!$E$6:$E$94="Tranche"),--('Repartition stock'!$F$6:$F$94="0 - 11,1 Kr"),--('Repartition stock'!$G$6:$G$94="n.d."))>0),"n.d.",SUMPRODUCT(--('Repartition stock'!$A$6:$A$94="2026Q2"),--('Repartition stock'!$B$6:$B$94="SE"),--('Repartition stock'!$E$6:$E$94="Tranche"),--('Repartition stock'!$F$6:$F$94="0 - 11,1 Kr"),'Repartition stock'!$G$6:$G$94)) -> 161 | Z7: =IF(OR(SUMPRODUCT(--('Repartition stock'!$A$6:$A$94="2026Q2"),--('Repartition stock'!$B$6:$B$94="SE"),--('Repartition stock'!$E$6:$E$94="Tranche"),--('Repartition stock'!$F$6:$F$94="0 - 11,1 Kr"))=0,SUMPRODUCT(--('Repartition stock'!$A$6:$A$94="2026Q2"),--('Repartition stock'!$B$6:$B$94="SE"),--('Repartition stock'!$E$6:$E$94="Tranche"),--('Repartition stock'!$F$6:$F$94="0 - 11,1 Kr"),--('Repartition stock'!$H$6:$H$94="n.d."))>0),"n.d.",SUMPRODUCT(--('Repartition stock'!$A$6:$A$94="2026Q2"),--('Repartition stock'!$B$6:$B$94="SE"),--('Repartition stock'!$E$6:$E$94="Tranche"),--('Repartition stock'!$F$6:$F$94="0 - 11,1 Kr"),'Repartition stock'!$H$6:$H$94)) -> 263.22 | AC7: =IF(OR(COUNT(X7,X12)<>2,X12=0),"n.d.",X7/X12) -> 0.33059548 | AE7: =IF(OR(COUNT(Z7,Z12)<>2,Z12=0),"n.d.",Z7/Z12) -> 0.0016803701
U8: 11,1 - 111 Kr | X8: =IF(OR(SUMPRODUCT(--('Repartition stock'!$A$6:$A$94="2026Q2"),--('Repartition stock'!$B$6:$B$94="SE"),--('Repartition stock'!$E$6:$E$94="Tranche"),--('Repartition stock'!$F$6:$F$94="11,1 - 111 Kr"))=0,SUMPRODUCT(--('Repartition stock'!$A$6:$A$94="2026Q2"),--('Repartition stock'!$B$6:$B$94="SE"),--('Repartition stock'!$E$6:$E$94="Tranche"),--('Repartition stock'!$F$6:$F$94="11,1 - 111 Kr"),--('Repartition stock'!$G$6:$G$94="n.d."))>0),"n.d.",SUMPRODUCT(--('Repartition stock'!$A$6:$A$94="2026Q2"),--('Repartition stock'!$B$6:$B$94="SE"),--('Repartition stock'!$E$6:$E$94="Tranche"),--('Repartition stock'!$F$6:$F$94="11,1 - 111 Kr"),'Repartition stock'!$G$6:$G$94)) -> 119 | Z8: =IF(OR(SUMPRODUCT(--('Repartition stock'!$A$6:$A$94="2026Q2"),--('Repartition stock'!$B$6:$B$94="SE"),--('Repartition stock'!$E$6:$E$94="Tranche"),--('Repartition stock'!$F$6:$F$94="11,1 - 111 Kr"))=0,SUMPRODUCT(--('Repartition stock'!$A$6:$A$94="2026Q2"),--('Repartition stock'!$B$6:$B$94="SE"),--('Repartition stock'!$E$6:$E$94="Tranche"),--('Repartition stock'!$F$6:$F$94="11,1 - 111 Kr"),--('Repartition stock'!$H$6:$H$94="n.d."))>0),"n.d.",SUMPRODUCT(--('Repartition stock'!$A$6:$A$94="2026Q2"),--('Repartition stock'!$B$6:$B$94="SE"),--('Repartition stock'!$E$6:$E$94="Tranche"),--('Repartition stock'!$F$6:$F$94="11,1 - 111 Kr"),'Repartition stock'!$H$6:$H$94)) -> 6340.86 | AC8: =IF(OR(COUNT(X8,X12)<>2,X12=0),"n.d.",X8/X12) -> 0.24435318 | AE8: =IF(OR(COUNT(Z8,Z12)<>2,Z12=0),"n.d.",Z8/Z12) -> 0.040479416
U9: 111 - 1109 Kr | X9: =IF(OR(SUMPRODUCT(--('Repartition stock'!$A$6:$A$94="2026Q2"),--('Repartition stock'!$B$6:$B$94="SE"),--('Repartition stock'!$E$6:$E$94="Tranche"),--('Repartition stock'!$F$6:$F$94="111 - 1109 Kr"))=0,SUMPRODUCT(--('Repartition stock'!$A$6:$A$94="2026Q2"),--('Repartition stock'!$B$6:$B$94="SE"),--('Repartition stock'!$E$6:$E$94="Tranche"),--('Repartition stock'!$F$6:$F$94="111 - 1109 Kr"),--('Repartition stock'!$G$6:$G$94="n.d."))>0),"n.d.",SUMPRODUCT(--('Repartition stock'!$A$6:$A$94="2026Q2"),--('Repartition stock'!$B$6:$B$94="SE"),--('Repartition stock'!$E$6:$E$94="Tranche"),--('Repartition stock'!$F$6:$F$94="111 - 1109 Kr"),'Repartition stock'!$G$6:$G$94)) -> 175 | Z9: =IF(OR(SUMPRODUCT(--('Repartition stock'!$A$6:$A$94="2026Q2"),--('Repartition stock'!$B$6:$B$94="SE"),--('Repartition stock'!$E$6:$E$94="Tranche"),--('Repartition stock'!$F$6:$F$94="111 - 1109 Kr"))=0,SUMPRODUCT(--('Repartition stock'!$A$6:$A$94="2026Q2"),--('Repartition stock'!$B$6:$B$94="SE"),--('Repartition stock'!$E$6:$E$94="Tranche"),--('Repartition stock'!$F$6:$F$94="111 - 1109 Kr"),--('Repartition stock'!$H$6:$H$94="n.d."))>0),"n.d.",SUMPRODUCT(--('Repartition stock'!$A$6:$A$94="2026Q2"),--('Repartition stock'!$B$6:$B$94="SE"),--('Repartition stock'!$E$6:$E$94="Tranche"),--('Repartition stock'!$F$6:$F$94="111 - 1109 Kr"),'Repartition stock'!$H$6:$H$94)) -> 65226.57 | AC9: =IF(OR(COUNT(X9,X12)<>2,X12=0),"n.d.",X9/X12) -> 0.35934292 | AE9: =IF(OR(COUNT(Z9,Z12)<>2,Z12=0),"n.d.",Z9/Z12) -> 0.41639989
U10: 1109 - 11094 Kr | X10: =IF(OR(SUMPRODUCT(--('Repartition stock'!$A$6:$A$94="2026Q2"),--('Repartition stock'!$B$6:$B$94="SE"),--('Repartition stock'!$E$6:$E$94="Tranche"),--('Repartition stock'!$F$6:$F$94="1109 - 11094 Kr"))=0,SUMPRODUCT(--('Repartition stock'!$A$6:$A$94="2026Q2"),--('Repartition stock'!$B$6:$B$94="SE"),--('Repartition stock'!$E$6:$E$94="Tranche"),--('Repartition stock'!$F$6:$F$94="1109 - 11094 Kr"),--('Repartition stock'!$G$6:$G$94="n.d."))>0),"n.d.",SUMPRODUCT(--('Repartition stock'!$A$6:$A$94="2026Q2"),--('Repartition stock'!$B$6:$B$94="SE"),--('Repartition stock'!$E$6:$E$94="Tranche"),--('Repartition stock'!$F$6:$F$94="1109 - 11094 Kr"),'Repartition stock'!$G$6:$G$94)) -> 32 | Z10: =IF(OR(SUMPRODUCT(--('Repartition stock'!$A$6:$A$94="2026Q2"),--('Repartition stock'!$B$6:$B$94="SE"),--('Repartition stock'!$E$6:$E$94="Tranche"),--('Repartition stock'!$F$6:$F$94="1109 - 11094 Kr"))=0,SUMPRODUCT(--('Repartition stock'!$A$6:$A$94="2026Q2"),--('Repartition stock'!$B$6:$B$94="SE"),--('Repartition stock'!$E$6:$E$94="Tranche"),--('Repartition stock'!$F$6:$F$94="1109 - 11094 Kr"),--('Repartition stock'!$H$6:$H$94="n.d."))>0),"n.d.",SUMPRODUCT(--('Repartition stock'!$A$6:$A$94="2026Q2"),--('Repartition stock'!$B$6:$B$94="SE"),--('Repartition stock'!$E$6:$E$94="Tranche"),--('Repartition stock'!$F$6:$F$94="1109 - 11094 Kr"),'Repartition stock'!$H$6:$H$94)) -> 84813.41 | AC10: =IF(OR(COUNT(X10,X12)<>2,X12=0),"n.d.",X10/X12) -> 0.065708419 | AE10: =IF(OR(COUNT(Z10,Z12)<>2,Z12=0),"n.d.",Z10/Z12) -> 0.54144032
U11: >11094 Kr | X11: =IF(OR(SUMPRODUCT(--('Repartition stock'!$A$6:$A$94="2026Q2"),--('Repartition stock'!$B$6:$B$94="SE"),--('Repartition stock'!$E$6:$E$94="Tranche"),--('Repartition stock'!$F$6:$F$94=">11094 Kr"))=0,SUMPRODUCT(--('Repartition stock'!$A$6:$A$94="2026Q2"),--('Repartition stock'!$B$6:$B$94="SE"),--('Repartition stock'!$E$6:$E$94="Tranche"),--('Repartition stock'!$F$6:$F$94=">11094 Kr"),--('Repartition stock'!$G$6:$G$94="n.d."))>0),"n.d.",SUMPRODUCT(--('Repartition stock'!$A$6:$A$94="2026Q2"),--('Repartition stock'!$B$6:$B$94="SE"),--('Repartition stock'!$E$6:$E$94="Tranche"),--('Repartition stock'!$F$6:$F$94=">11094 Kr"),'Repartition stock'!$G$6:$G$94)) -> 0 | Z11: =IF(OR(SUMPRODUCT(--('Repartition stock'!$A$6:$A$94="2026Q2"),--('Repartition stock'!$B$6:$B$94="SE"),--('Repartition stock'!$E$6:$E$94="Tranche"),--('Repartition stock'!$F$6:$F$94=">11094 Kr"))=0,SUMPRODUCT(--('Repartition stock'!$A$6:$A$94="2026Q2"),--('Repartition stock'!$B$6:$B$94="SE"),--('Repartition stock'!$E$6:$E$94="Tranche"),--('Repartition stock'!$F$6:$F$94=">11094 Kr"),--('Repartition stock'!$H$6:$H$94="n.d."))>0),"n.d.",SUMPRODUCT(--('Repartition stock'!$A$6:$A$94="2026Q2"),--('Repartition stock'!$B$6:$B$94="SE"),--('Repartition stock'!$E$6:$E$94="Tranche"),--('Repartition stock'!$F$6:$F$94=">11094 Kr"),'Repartition stock'!$H$6:$H$94)) -> 0 | AC11: =IF(OR(COUNT(X11,X12)<>2,X12=0),"n.d.",X11/X12) -> 0 | AE11: =IF(OR(COUNT(Z11,Z12)<>2,Z12=0),"n.d.",Z11/Z12) -> 0
R12: Total: | X12: =IF(COUNT(X7:X11)=5,SUM(X7:X11),"n.d.") -> 487 | Z12: =IF(COUNT(Z7:Z11)=5,SUM(Z7:Z11),"n.d.") -> 156644.06 | AC12: =IF(OR(NOT(ISNUMBER(X12)),X12=0),"n.d.",1) -> 1 | AE12: =IF(OR(NOT(ISNUMBER(Z12)),Z12=0),"n.d.",1) -> 1
R14: By date of positive balance | U14: <2018 | X14: =IF(OR(SUMPRODUCT(--('Repartition stock'!$A$6:$A$94="2026Q2"),--('Repartition stock'!$B$6:$B$94="SE"),--('Repartition stock'!$E$6:$E$94="Millésime"),--('Repartition stock'!$F$6:$F$94="<2018"))=0,SUMPRODUCT(--('Repartition stock'!$A$6:$A$94="2026Q2"),--('Repartition stock'!$B$6:$B$94="SE"),--('Repartition stock'!$E$6:$E$94="Millésime"),--('Repartition stock'!$F$6:$F$94="<2018"),--('Repartition stock'!$G$6:$G$94="n.d."))>0),"n.d.",SUMPRODUCT(--('Repartition stock'!$A$6:$A$94="2026Q2"),--('Repartition stock'!$B$6:$B$94="SE"),--('Repartition stock'!$E$6:$E$94="Millésime"),--('Repartition stock'!$F$6:$F$94="<2018"),'Repartition stock'!$G$6:$G$94)) -> 0 | Z14: =IF(OR(SUMPRODUCT(--('Repartition stock'!$A$6:$A$94="2026Q2"),--('Repartition stock'!$B$6:$B$94="SE"),--('Repartition stock'!$E$6:$E$94="Millésime"),--('Repartition stock'!$F$6:$F$94="<2018"))=0,SUMPRODUCT(--('Repartition stock'!$A$6:$A$94="2026Q2"),--('Repartition stock'!$B$6:$B$94="SE"),--('Repartition stock'!$E$6:$E$94="Millésime"),--('Repartition stock'!$F$6:$F$94="<2018"),--('Repartition stock'!$H$6:$H$94="n.d."))>0),"n.d.",SUMPRODUCT(--('Repartition stock'!$A$6:$A$94="2026Q2"),--('Repartition stock'!$B$6:$B$94="SE"),--('Repartition stock'!$E$6:$E$94="Millésime"),--('Repartition stock'!$F$6:$F$94="<2018"),'Repartition stock'!$H$6:$H$94)) -> 0 | AC14: =IF(OR(COUNT(X14,X24)<>2,X24=0),"n.d.",X14/X24) -> 0 | AE14: =IF(OR(COUNT(Z14,Z24)<>2,Z24=0),"n.d.",Z14/Z24) -> 0
U15: 2018 | X15: =IF(OR(SUMPRODUCT(--('Repartition stock'!$A$6:$A$94="2026Q2"),--('Repartition stock'!$B$6:$B$94="SE"),--('Repartition stock'!$E$6:$E$94="Millésime"),--('Repartition stock'!$F$6:$F$94="2018"))=0,SUMPRODUCT(--('Repartition stock'!$A$6:$A$94="2026Q2"),--('Repartition stock'!$B$6:$B$94="SE"),--('Repartition stock'!$E$6:$E$94="Millésime"),--('Repartition stock'!$F$6:$F$94="2018"),--('Repartition stock'!$G$6:$G$94="n.d."))>0),"n.d.",SUMPRODUCT(--('Repartition stock'!$A$6:$A$94="2026Q2"),--('Repartition stock'!$B$6:$B$94="SE"),--('Repartition stock'!$E$6:$E$94="Millésime"),--('Repartition stock'!$F$6:$F$94="2018"),'Repartition stock'!$G$6:$G$94)) -> 0 | Z15: =IF(OR(SUMPRODUCT(--('Repartition stock'!$A$6:$A$94="2026Q2"),--('Repartition stock'!$B$6:$B$94="SE"),--('Repartition stock'!$E$6:$E$94="Millésime"),--('Repartition stock'!$F$6:$F$94="2018"))=0,SUMPRODUCT(--('Repartition stock'!$A$6:$A$94="2026Q2"),--('Repartition stock'!$B$6:$B$94="SE"),--('Repartition stock'!$E$6:$E$94="Millésime"),--('Repartition stock'!$F$6:$F$94="2018"),--('Repartition stock'!$H$6:$H$94="n.d."))>0),"n.d.",SUMPRODUCT(--('Repartition stock'!$A$6:$A$94="2026Q2"),--('Repartition stock'!$B$6:$B$94="SE"),--('Repartition stock'!$E$6:$E$94="Millésime"),--('Repartition stock'!$F$6:$F$94="2018"),'Repartition stock'!$H$6:$H$94)) -> 0 | AC15: =IF(OR(COUNT(X15,X24)<>2,X24=0),"n.d.",X15/X24) -> 0 | AE15: =IF(OR(COUNT(Z15,Z24)<>2,Z24=0),"n.d.",Z15/Z24) -> 0
U16: 2019 | X16: =IF(OR(SUMPRODUCT(--('Repartition stock'!$A$6:$A$94="2026Q2"),--('Repartition stock'!$B$6:$B$94="SE"),--('Repartition stock'!$E$6:$E$94="Millésime"),--('Repartition stock'!$F$6:$F$94="2019"))=0,SUMPRODUCT(--('Repartition stock'!$A$6:$A$94="2026Q2"),--('Repartition stock'!$B$6:$B$94="SE"),--('Repartition stock'!$E$6:$E$94="Millésime"),--('Repartition stock'!$F$6:$F$94="2019"),--('Repartition stock'!$G$6:$G$94="n.d."))>0),"n.d.",SUMPRODUCT(--('Repartition stock'!$A$6:$A$94="2026Q2"),--('Repartition stock'!$B$6:$B$94="SE"),--('Repartition stock'!$E$6:$E$94="Millésime"),--('Repartition stock'!$F$6:$F$94="2019"),'Repartition stock'!$G$6:$G$94)) -> 0 | Z16: =IF(OR(SUMPRODUCT(--('Repartition stock'!$A$6:$A$94="2026Q2"),--('Repartition stock'!$B$6:$B$94="SE"),--('Repartition stock'!$E$6:$E$94="Millésime"),--('Repartition stock'!$F$6:$F$94="2019"))=0,SUMPRODUCT(--('Repartition stock'!$A$6:$A$94="2026Q2"),--('Repartition stock'!$B$6:$B$94="SE"),--('Repartition stock'!$E$6:$E$94="Millésime"),--('Repartition stock'!$F$6:$F$94="2019"),--('Repartition stock'!$H$6:$H$94="n.d."))>0),"n.d.",SUMPRODUCT(--('Repartition stock'!$A$6:$A$94="2026Q2"),--('Repartition stock'!$B$6:$B$94="SE"),--('Repartition stock'!$E$6:$E$94="Millésime"),--('Repartition stock'!$F$6:$F$94="2019"),'Repartition stock'!$H$6:$H$94)) -> 0 | AC16: =IF(OR(COUNT(X16,X24)<>2,X24=0),"n.d.",X16/X24) -> 0 | AE16: =IF(OR(COUNT(Z16,Z24)<>2,Z24=0),"n.d.",Z16/Z24) -> 0
U17: 2020 | X17: =IF(OR(SUMPRODUCT(--('Repartition stock'!$A$6:$A$94="2026Q2"),--('Repartition stock'!$B$6:$B$94="SE"),--('Repartition stock'!$E$6:$E$94="Millésime"),--('Repartition stock'!$F$6:$F$94="2020"))=0,SUMPRODUCT(--('Repartition stock'!$A$6:$A$94="2026Q2"),--('Repartition stock'!$B$6:$B$94="SE"),--('Repartition stock'!$E$6:$E$94="Millésime"),--('Repartition stock'!$F$6:$F$94="2020"),--('Repartition stock'!$G$6:$G$94="n.d."))>0),"n.d.",SUMPRODUCT(--('Repartition stock'!$A$6:$A$94="2026Q2"),--('Repartition stock'!$B$6:$B$94="SE"),--('Repartition stock'!$E$6:$E$94="Millésime"),--('Repartition stock'!$F$6:$F$94="2020"),'Repartition stock'!$G$6:$G$94)) -> 0 | Z17: =IF(OR(SUMPRODUCT(--('Repartition stock'!$A$6:$A$94="2026Q2"),--('Repartition stock'!$B$6:$B$94="SE"),--('Repartition stock'!$E$6:$E$94="Millésime"),--('Repartition stock'!$F$6:$F$94="2020"))=0,SUMPRODUCT(--('Repartition stock'!$A$6:$A$94="2026Q2"),--('Repartition stock'!$B$6:$B$94="SE"),--('Repartition stock'!$E$6:$E$94="Millésime"),--('Repartition stock'!$F$6:$F$94="2020"),--('Repartition stock'!$H$6:$H$94="n.d."))>0),"n.d.",SUMPRODUCT(--('Repartition stock'!$A$6:$A$94="2026Q2"),--('Repartition stock'!$B$6:$B$94="SE"),--('Repartition stock'!$E$6:$E$94="Millésime"),--('Repartition stock'!$F$6:$F$94="2020"),'Repartition stock'!$H$6:$H$94)) -> 0 | AC17: =IF(OR(COUNT(X17,X24)<>2,X24=0),"n.d.",X17/X24) -> 0 | AE17: =IF(OR(COUNT(Z17,Z24)<>2,Z24=0),"n.d.",Z17/Z24) -> 0
U18: 2021 | X18: =IF(OR(SUMPRODUCT(--('Repartition stock'!$A$6:$A$94="2026Q2"),--('Repartition stock'!$B$6:$B$94="SE"),--('Repartition stock'!$E$6:$E$94="Millésime"),--('Repartition stock'!$F$6:$F$94="2021"))=0,SUMPRODUCT(--('Repartition stock'!$A$6:$A$94="2026Q2"),--('Repartition stock'!$B$6:$B$94="SE"),--('Repartition stock'!$E$6:$E$94="Millésime"),--('Repartition stock'!$F$6:$F$94="2021"),--('Repartition stock'!$G$6:$G$94="n.d."))>0),"n.d.",SUMPRODUCT(--('Repartition stock'!$A$6:$A$94="2026Q2"),--('Repartition stock'!$B$6:$B$94="SE"),--('Repartition stock'!$E$6:$E$94="Millésime"),--('Repartition stock'!$F$6:$F$94="2021"),'Repartition stock'!$G$6:$G$94)) -> 0 | Z18: =IF(OR(SUMPRODUCT(--('Repartition stock'!$A$6:$A$94="2026Q2"),--('Repartition stock'!$B$6:$B$94="SE"),--('Repartition stock'!$E$6:$E$94="Millésime"),--('Repartition stock'!$F$6:$F$94="2021"))=0,SUMPRODUCT(--('Repartition stock'!$A$6:$A$94="2026Q2"),--('Repartition stock'!$B$6:$B$94="SE"),--('Repartition stock'!$E$6:$E$94="Millésime"),--('Repartition stock'!$F$6:$F$94="2021"),--('Repartition stock'!$H$6:$H$94="n.d."))>0),"n.d.",SUMPRODUCT(--('Repartition stock'!$A$6:$A$94="2026Q2"),--('Repartition stock'!$B$6:$B$94="SE"),--('Repartition stock'!$E$6:$E$94="Millésime"),--('Repartition stock'!$F$6:$F$94="2021"),'Repartition stock'!$H$6:$H$94)) -> 0 | AC18: =IF(OR(COUNT(X18,X24)<>2,X24=0),"n.d.",X18/X24) -> 0 | AE18: =IF(OR(COUNT(Z18,Z24)<>2,Z24=0),"n.d.",Z18/Z24) -> 0
U19: 2022 | X19: =IF(OR(SUMPRODUCT(--('Repartition stock'!$A$6:$A$94="2026Q2"),--('Repartition stock'!$B$6:$B$94="SE"),--('Repartition stock'!$E$6:$E$94="Millésime"),--('Repartition stock'!$F$6:$F$94="2022"))=0,SUMPRODUCT(--('Repartition stock'!$A$6:$A$94="2026Q2"),--('Repartition stock'!$B$6:$B$94="SE"),--('Repartition stock'!$E$6:$E$94="Millésime"),--('Repartition stock'!$F$6:$F$94="2022"),--('Repartition stock'!$G$6:$G$94="n.d."))>0),"n.d.",SUMPRODUCT(--('Repartition stock'!$A$6:$A$94="2026Q2"),--('Repartition stock'!$B$6:$B$94="SE"),--('Repartition stock'!$E$6:$E$94="Millésime"),--('Repartition stock'!$F$6:$F$94="2022"),'Repartition stock'!$G$6:$G$94)) -> 0 | Z19: =IF(OR(SUMPRODUCT(--('Repartition stock'!$A$6:$A$94="2026Q2"),--('Repartition stock'!$B$6:$B$94="SE"),--('Repartition stock'!$E$6:$E$94="Millésime"),--('Repartition stock'!$F$6:$F$94="2022"))=0,SUMPRODUCT(--('Repartition stock'!$A$6:$A$94="2026Q2"),--('Repartition stock'!$B$6:$B$94="SE"),--('Repartition stock'!$E$6:$E$94="Millésime"),--('Repartition stock'!$F$6:$F$94="2022"),--('Repartition stock'!$H$6:$H$94="n.d."))>0),"n.d.",SUMPRODUCT(--('Repartition stock'!$A$6:$A$94="2026Q2"),--('Repartition stock'!$B$6:$B$94="SE"),--('Repartition stock'!$E$6:$E$94="Millésime"),--('Repartition stock'!$F$6:$F$94="2022"),'Repartition stock'!$H$6:$H$94)) -> 0 | AC19: =IF(OR(COUNT(X19,X24)<>2,X24=0),"n.d.",X19/X24) -> 0 | AE19: =IF(OR(COUNT(Z19,Z24)<>2,Z24=0),"n.d.",Z19/Z24) -> 0
U20: 2023 | X20: =IF(OR(SUMPRODUCT(--('Repartition stock'!$A$6:$A$94="2026Q2"),--('Repartition stock'!$B$6:$B$94="SE"),--('Repartition stock'!$E$6:$E$94="Millésime"),--('Repartition stock'!$F$6:$F$94="2023"))=0,SUMPRODUCT(--('Repartition stock'!$A$6:$A$94="2026Q2"),--('Repartition stock'!$B$6:$B$94="SE"),--('Repartition stock'!$E$6:$E$94="Millésime"),--('Repartition stock'!$F$6:$F$94="2023"),--('Repartition stock'!$G$6:$G$94="n.d."))>0),"n.d.",SUMPRODUCT(--('Repartition stock'!$A$6:$A$94="2026Q2"),--('Repartition stock'!$B$6:$B$94="SE"),--('Repartition stock'!$E$6:$E$94="Millésime"),--('Repartition stock'!$F$6:$F$94="2023"),'Repartition stock'!$G$6:$G$94)) -> 0 | Z20: =IF(OR(SUMPRODUCT(--('Repartition stock'!$A$6:$A$94="2026Q2"),--('Repartition stock'!$B$6:$B$94="SE"),--('Repartition stock'!$E$6:$E$94="Millésime"),--('Repartition stock'!$F$6:$F$94="2023"))=0,SUMPRODUCT(--('Repartition stock'!$A$6:$A$94="2026Q2"),--('Repartition stock'!$B$6:$B$94="SE"),--('Repartition stock'!$E$6:$E$94="Millésime"),--('Repartition stock'!$F$6:$F$94="2023"),--('Repartition stock'!$H$6:$H$94="n.d."))>0),"n.d.",SUMPRODUCT(--('Repartition stock'!$A$6:$A$94="2026Q2"),--('Repartition stock'!$B$6:$B$94="SE"),--('Repartition stock'!$E$6:$E$94="Millésime"),--('Repartition stock'!$F$6:$F$94="2023"),'Repartition stock'!$H$6:$H$94)) -> 0 | AC20: =IF(OR(COUNT(X20,X24)<>2,X24=0),"n.d.",X20/X24) -> 0 | AE20: =IF(OR(COUNT(Z20,Z24)<>2,Z24=0),"n.d.",Z20/Z24) -> 0
U21: 2024 | X21: =IF(OR(SUMPRODUCT(--('Repartition stock'!$A$6:$A$94="2026Q2"),--('Repartition stock'!$B$6:$B$94="SE"),--('Repartition stock'!$E$6:$E$94="Millésime"),--('Repartition stock'!$F$6:$F$94="2024"))=0,SUMPRODUCT(--('Repartition stock'!$A$6:$A$94="2026Q2"),--('Repartition stock'!$B$6:$B$94="SE"),--('Repartition stock'!$E$6:$E$94="Millésime"),--('Repartition stock'!$F$6:$F$94="2024"),--('Repartition stock'!$G$6:$G$94="n.d."))>0),"n.d.",SUMPRODUCT(--('Repartition stock'!$A$6:$A$94="2026Q2"),--('Repartition stock'!$B$6:$B$94="SE"),--('Repartition stock'!$E$6:$E$94="Millésime"),--('Repartition stock'!$F$6:$F$94="2024"),'Repartition stock'!$G$6:$G$94)) -> 0 | Z21: =IF(OR(SUMPRODUCT(--('Repartition stock'!$A$6:$A$94="2026Q2"),--('Repartition stock'!$B$6:$B$94="SE"),--('Repartition stock'!$E$6:$E$94="Millésime"),--('Repartition stock'!$F$6:$F$94="2024"))=0,SUMPRODUCT(--('Repartition stock'!$A$6:$A$94="2026Q2"),--('Repartition stock'!$B$6:$B$94="SE"),--('Repartition stock'!$E$6:$E$94="Millésime"),--('Repartition stock'!$F$6:$F$94="2024"),--('Repartition stock'!$H$6:$H$94="n.d."))>0),"n.d.",SUMPRODUCT(--('Repartition stock'!$A$6:$A$94="2026Q2"),--('Repartition stock'!$B$6:$B$94="SE"),--('Repartition stock'!$E$6:$E$94="Millésime"),--('Repartition stock'!$F$6:$F$94="2024"),'Repartition stock'!$H$6:$H$94)) -> 0 | AC21: =IF(OR(COUNT(X21,X24)<>2,X24=0),"n.d.",X21/X24) -> 0 | AE21: =IF(OR(COUNT(Z21,Z24)<>2,Z24=0),"n.d.",Z21/Z24) -> 0
U22: 2025 | X22: =IF(OR(SUMPRODUCT(--('Repartition stock'!$A$6:$A$94="2026Q2"),--('Repartition stock'!$B$6:$B$94="SE"),--('Repartition stock'!$E$6:$E$94="Millésime"),--('Repartition stock'!$F$6:$F$94="2025"))=0,SUMPRODUCT(--('Repartition stock'!$A$6:$A$94="2026Q2"),--('Repartition stock'!$B$6:$B$94="SE"),--('Repartition stock'!$E$6:$E$94="Millésime"),--('Repartition stock'!$F$6:$F$94="2025"),--('Repartition stock'!$G$6:$G$94="n.d."))>0),"n.d.",SUMPRODUCT(--('Repartition stock'!$A$6:$A$94="2026Q2"),--('Repartition stock'!$B$6:$B$94="SE"),--('Repartition stock'!$E$6:$E$94="Millésime"),--('Repartition stock'!$F$6:$F$94="2025"),'Repartition stock'!$G$6:$G$94)) -> 0 | Z22: =IF(OR(SUMPRODUCT(--('Repartition stock'!$A$6:$A$94="2026Q2"),--('Repartition stock'!$B$6:$B$94="SE"),--('Repartition stock'!$E$6:$E$94="Millésime"),--('Repartition stock'!$F$6:$F$94="2025"))=0,SUMPRODUCT(--('Repartition stock'!$A$6:$A$94="2026Q2"),--('Repartition stock'!$B$6:$B$94="SE"),--('Repartition stock'!$E$6:$E$94="Millésime"),--('Repartition stock'!$F$6:$F$94="2025"),--('Repartition stock'!$H$6:$H$94="n.d."))>0),"n.d.",SUMPRODUCT(--('Repartition stock'!$A$6:$A$94="2026Q2"),--('Repartition stock'!$B$6:$B$94="SE"),--('Repartition stock'!$E$6:$E$94="Millésime"),--('Repartition stock'!$F$6:$F$94="2025"),'Repartition stock'!$H$6:$H$94)) -> 0 | AC22: =IF(OR(COUNT(X22,X24)<>2,X24=0),"n.d.",X22/X24) -> 0 | AE22: =IF(OR(COUNT(Z22,Z24)<>2,Z24=0),"n.d.",Z22/Z24) -> 0
U23: 2026 | X23: =IF(OR(SUMPRODUCT(--('Repartition stock'!$A$6:$A$94="2026Q2"),--('Repartition stock'!$B$6:$B$94="SE"),--('Repartition stock'!$E$6:$E$94="Millésime"),--('Repartition stock'!$F$6:$F$94="2026"))=0,SUMPRODUCT(--('Repartition stock'!$A$6:$A$94="2026Q2"),--('Repartition stock'!$B$6:$B$94="SE"),--('Repartition stock'!$E$6:$E$94="Millésime"),--('Repartition stock'!$F$6:$F$94="2026"),--('Repartition stock'!$G$6:$G$94="n.d."))>0),"n.d.",SUMPRODUCT(--('Repartition stock'!$A$6:$A$94="2026Q2"),--('Repartition stock'!$B$6:$B$94="SE"),--('Repartition stock'!$E$6:$E$94="Millésime"),--('Repartition stock'!$F$6:$F$94="2026"),'Repartition stock'!$G$6:$G$94)) -> 487 | Z23: =IF(OR(SUMPRODUCT(--('Repartition stock'!$A$6:$A$94="2026Q2"),--('Repartition stock'!$B$6:$B$94="SE"),--('Repartition stock'!$E$6:$E$94="Millésime"),--('Repartition stock'!$F$6:$F$94="2026"))=0,SUMPRODUCT(--('Repartition stock'!$A$6:$A$94="2026Q2"),--('Repartition stock'!$B$6:$B$94="SE"),--('Repartition stock'!$E$6:$E$94="Millésime"),--('Repartition stock'!$F$6:$F$94="2026"),--('Repartition stock'!$H$6:$H$94="n.d."))>0),"n.d.",SUMPRODUCT(--('Repartition stock'!$A$6:$A$94="2026Q2"),--('Repartition stock'!$B$6:$B$94="SE"),--('Repartition stock'!$E$6:$E$94="Millésime"),--('Repartition stock'!$F$6:$F$94="2026"),'Repartition stock'!$H$6:$H$94)) -> 156644.06 | AC23: =IF(OR(COUNT(X23,X24)<>2,X24=0),"n.d.",X23/X24) -> 1 | AE23: =IF(OR(COUNT(Z23,Z24)<>2,Z24=0),"n.d.",Z23/Z24) -> 1
R24: Total: | X24: =IF(COUNT(X14:X23)=10,SUM(X14:X23),"n.d.") -> 487 | Z24: =IF(COUNT(Z14:Z23)=10,SUM(Z14:Z23),"n.d.") -> 156644.06 | AC24: =IF(OR(NOT(ISNUMBER(X24)),X24=0),"n.d.",1) -> 1 | AE24: =IF(OR(NOT(ISNUMBER(Z24)),Z24=0),"n.d.",1) -> 1
B30: ="Average monthly new flow: "&IF(ISNUMBER('GraphData'!A171),TEXT('GraphData'!A171,"#,##0"),"n.d.")&" SEK. Average balance per contract: "&IF(ISNUMBER('GraphData'!B171),TEXT('GraphData'!B171,"#,##0"),"n.d.")&" SEK." -> Average monthly new flow: 314,653 SEK. Average balance per contract: 539 SEK.
B32: ="Oldest cohort (M-5): "&IF(ISNUMBER('GraphData'!C171),TEXT('GraphData'!C171,"0.0%"),"n.d.")&" treated in amount and "&IF(ISNUMBER('GraphData'!D171),TEXT('GraphData'!D171,"0.0%"),"n.d.")&" in number." -> Oldest cohort (M-5): 100.0% treated in amount and 100.0% in number.
B34: ="Stock to process: "&IF(ISNUMBER('GraphData'!E171),TEXT('GraphData'!E171,"#,##0"),"n.d.")&" SEK. Identified stock: "&IF(ISNUMBER('GraphData'!F171),TEXT('GraphData'!F171,"#,##0"),"n.d.")&" SEK." -> Stock to process: 156,644 SEK. Identified stock: 156,644 SEK.
B36: Separate CST account not supplied. Identified stock excludes CST.
B42: Positive Balance 2026Q2 Source: country workbooks and Taux.xlsx Internal

Sheet Consolidation
A2: Indicateurs par trimestre de reporting et pays
A3: n.d. = non disponible ou non applicable. Le stock identifié exclut les CST Nordics non transmis.
A5: Trimestre | B5: Code pays | C5: Pays | D5: Devise | E5: Taux local pour 1 EUR | F5: Stock initial local | G5: Traité local | H5: A traiter local | I5: Injoignables local | J5: Stock identifié local | K5: CST local | L5: Stock avec CST local | M5: A traiter EUR | N5: Stock identifié EUR | O5: Stock avec CST EUR | P5: Contrats KPI3 | Q5: Flux 6 mois EUR | R5: Traité 6 mois EUR | S5: Contrats entrants 6 mois | T5: Contrats traités 6 mois | U5: Efficacité montant 6 mois | V5: Efficacité nombre 6 mois | W5: Moyenne mensuelle EUR | X5: Efficacité montant M-5 | Y5: Efficacité nombre M-5 | Z5: Flux trimestre EUR | AA5: Traité trimestre EUR | AB5: Efficacité montant trimestre
A6: 2026Q2 | B6: AT | C6: Austria | D6: EUR | E6: =SUMIFS('Taux'!$D$6:$D$10,'Taux'!$A$6:$A$10,A6,'Taux'!$B$6:$B$10,D6) -> 1 | F6: =IF(OR(COUNTIFS('Stock'!$A$6:$A$26,$A6,'Stock'!$B$6:$B$26,$B6)=0,COUNTIFS('Stock'!$A$6:$A$26,$A6,'Stock'!$B$6:$B$26,$B6,'Stock'!$F$6:$F$26,"n.d.")>0),"n.d.",SUMIFS('Stock'!$F$6:$F$26,'Stock'!$A$6:$A$26,$A6,'Stock'!$B$6:$B$26,$B6)) -> 1391628.1 | G6: =IF(OR(COUNTIFS('Stock'!$A$6:$A$26,$A6,'Stock'!$B$6:$B$26,$B6)=0,COUNTIFS('Stock'!$A$6:$A$26,$A6,'Stock'!$B$6:$B$26,$B6,'Stock'!$L$6:$L$26,"n.d.")>0),"n.d.",SUMIFS('Stock'!$L$6:$L$26,'Stock'!$A$6:$A$26,$A6,'Stock'!$B$6:$B$26,$B6)) -> 1379635.8 | H6: =IF(OR(COUNTIFS('Stock'!$A$6:$A$26,$A6,'Stock'!$B$6:$B$26,$B6)=0,COUNTIFS('Stock'!$A$6:$A$26,$A6,'Stock'!$B$6:$B$26,$B6,'Stock'!$M$6:$M$26,"n.d.")>0),"n.d.",SUMIFS('Stock'!$M$6:$M$26,'Stock'!$A$6:$A$26,$A6,'Stock'!$B$6:$B$26,$B6)) -> 11992.29 | I6: =IF(OR(COUNTIFS('Stock'!$A$6:$A$26,$A6,'Stock'!$B$6:$B$26,$B6)=0,COUNTIFS('Stock'!$A$6:$A$26,$A6,'Stock'!$B$6:$B$26,$B6,'Stock'!$H$6:$H$26,"n.d.")>0),"n.d.",SUMIFS('Stock'!$H$6:$H$26,'Stock'!$A$6:$A$26,$A6,'Stock'!$B$6:$B$26,$B6)) -> 0 | J6: =IF(OR(COUNTIFS('Stock'!$A$6:$A$26,$A6,'Stock'!$B$6:$B$26,$B6)=0,COUNTIFS('Stock'!$A$6:$A$26,$A6,'Stock'!$B$6:$B$26,$B6,'Stock'!$N$6:$N$26,"n.d.")>0),"n.d.",SUMIFS('Stock'!$N$6:$N$26,'Stock'!$A$6:$A$26,$A6,'Stock'!$B$6:$B$26,$B6)) -> 11992.29 | K6: 0 | L6: =IF(COUNT(J6,K6)=2,J6+K6,"n.d.") -> 11992.29 | M6: =IF(OR(COUNTIFS('Stock'!$A$6:$A$26,$A6,'Stock'!$B$6:$B$26,$B6)=0,COUNTIFS('Stock'!$A$6:$A$26,$A6,'Stock'!$B$6:$B$26,$B6,'Stock'!$R$6:$R$26,"n.d.")>0),"n.d.",SUMIFS('Stock'!$R$6:$R$26,'Stock'!$A$6:$A$26,$A6,'Stock'!$B$6:$B$26,$B6)) -> 11992.29 | N6: =IF(OR(COUNTIFS('Stock'!$A$6:$A$26,$A6,'Stock'!$B$6:$B$26,$B6)=0,COUNTIFS('Stock'!$A$6:$A$26,$A6,'Stock'!$B$6:$B$26,$B6,'Stock'!$S$6:$S$26,"n.d.")>0),"n.d.",SUMIFS('Stock'!$S$6:$S$26,'Stock'!$A$6:$A$26,$A6,'Stock'!$B$6:$B$26,$B6)) -> 11992.29 | O6: =IF(COUNT(L6,E6)=2,L6/E6,"n.d.") -> 11992.29 | P6: =IF(OR(COUNTIFS('Repartition stock'!$A$6:$A$94,$A6,'Repartition stock'!$B$6:$B$94,$B6,'Repartition stock'!$E$6:$E$94,"Tranche")=0,COUNTIFS('Repartition stock'!$A$6:$A$94,$A6,'Repartition stock'!$B$6:$B$94,$B6,'Repartition stock'!$E$6:$E$94,"Tranche",'Repartition stock'!$G$6:$G$94,"n.d.")>0),"n.d.",SUMIFS('Repartition stock'!$G$6:$G$94,'Repartition stock'!$A$6:$A$94,$A6,'Repartition stock'!$B$6:$B$94,$B6,'Repartition stock'!$E$6:$E$94,"Tranche")) -> 74 | Q6: =IF(OR(COUNTIFS('Flux'!$A$6:$A$41,$A6,'Flux'!$B$6:$B$41,$B6)=0,COUNTIFS('Flux'!$A$6:$A$41,$A6,'Flux'!$B$6:$B$41,$B6,'Flux'!$R$6:$R$41,"n.d.")>0),"n.d.",SUMIFS('Flux'!$R$6:$R$41,'Flux'!$A$6:$A$41,$A6,'Flux'!$B$6:$B$41,$B6)) -> 54745.46 | R6: =IF(OR(COUNTIFS('Flux'!$A$6:$A$41,$A6,'Flux'!$B$6:$B$41,$B6)=0,COUNTIFS('Flux'!$A$6:$A$41,$A6,'Flux'!$B$6:$B$41,$B6,'Flux'!$S$6:$S$41,"n.d.")>0),"n.d.",SUMIFS('Flux'!$S$6:$S$41,'Flux'!$A$6:$A$41,$A6,'Flux'!$B$6:$B$41,$B6)) -> 49360.14 | S6: =IF(OR(COUNTIFS('Flux'!$A$6:$A$41,$A6,'Flux'!$B$6:$B$41,$B6)=0,COUNTIFS('Flux'!$A$6:$A$41,$A6,'Flux'!$B$6:$B$41,$B6,'Flux'!$G$6:$G$41,"n.d.")>0),"n.d.",SUMIFS('Flux'!$G$6:$G$41,'Flux'!$A$6:$A$41,$A6,'Flux'!$B$6:$B$41,$B6)) -> 264 | T6: =IF(OR(COUNTIFS('Flux'!$A$6:$A$41,$A6,'Flux'!$B$6:$B$41,$B6)=0,COUNTIFS('Flux'!$A$6:$A$41,$A6,'Flux'!$B$6:$B$41,$B6,'Flux'!$N$6:$N$41,"n.d.")>0),"n.d.",SUMIFS('Flux'!$N$6:$N$41,'Flux'!$A$6:$A$41,$A6,'Flux'!$B$6:$B$41,$B6)) -> 199 | U6: =IF(OR(COUNT(R6,Q6)<>2,Q6=0),"n.d.",R6/Q6) -> 0.90162983 | V6: =IF(OR(COUNT(T6,S6)<>2,S6=0),"n.d.",T6/S6) -> 0.75378788 | W6: =IF(COUNT(Q6)=1,Q6/6,"n.d.") -> 9124.2433 | X6: =IF(OR(COUNTIFS('Flux'!$A$6:$A$41,$A6,'Flux'!$B$6:$B$41,$B6,'Flux'!$E$6:$E$41,DATE(2026,1,1))=0,COUNTIFS('Flux'!$A$6:$A$41,$A6,'Flux'!$B$6:$B$41,$B6,'Flux'!$E$6:$E$41,DATE(2026,1,1),'Flux'!$T$6:$T$41,"n.d.")>0),"n.d.",SUMIFS('Flux'!$T$6:$T$41,'Flux'!$A$6:$A$41,$A6,'Flux'!$B$6:$B$41,$B6,'Flux'!$E$6:$E$41,DATE(2026,1,1))) -> 0.90087203 | Y6: =IF(OR(COUNTIFS('Flux'!$A$6:$A$41,$A6,'Flux'!$B$6:$B$41,$B6,'Flux'!$E$6:$E$41,DATE(2026,1,1))=0,COUNTIFS('Flux'!$A$6:$A$41,$A6,'Flux'!$B$6:$B$41,$B6,'Flux'!$E$6:$E$41,DATE(2026,1,1),'Flux'!$U$6:$U$41,"n.d.")>0),"n.d.",SUMIFS('Flux'!$U$6:$U$41,'Flux'!$A$6:$A$41,$A6,'Flux'!$B$6:$B$41,$B6,'Flux'!$E$6:$E$41,DATE(2026,1,1))) -> 0.77272727 | Z6: =IF(OR(COUNTIFS('Flux'!$A$6:$A$41,$A6,'Flux'!$B$6:$B$41,$B6,'Flux'!$E$6:$E$41,">="&DATE(2026,4,1))=0,COUNTIFS('Flux'!$A$6:$A$41,$A6,'Flux'!$B$6:$B$41,$B6,'Flux'!$E$6:$E$41,">="&DATE(2026,4,1),'Flux'!$R$6:$R$41,"n.d.")>0),"n.d.",SUMIFS('Flux'!$R$6:$R$41,'Flux'!$A$6:$A$41,$A6,'Flux'!$B$6:$B$41,$B6,'Flux'!$E$6:$E$41,">="&DATE(2026,4,1))) -> 18923.63 | AA6: =IF(OR(COUNTIFS('Flux'!$A$6:$A$41,$A6,'Flux'!$B$6:$B$41,$B6,'Flux'!$E$6:$E$41,">="&DATE(2026,4,1))=0,COUNTIFS('Flux'!$A$6:$A$41,$A6,'Flux'!$B$6:$B$41,$B6,'Flux'!$E$6:$E$41,">="&DATE(2026,4,1),'Flux'!$S$6:$S$41,"n.d.")>0),"n.d.",SUMIFS('Flux'!$S$6:$S$41,'Flux'!$A$6:$A$41,$A6,'Flux'!$B$6:$B$41,$B6,'Flux'!$E$6:$E$41,">="&DATE(2026,4,1))) -> 15752.88 | AB6: =IF(OR(COUNT(Z6,AA6)<>2,Z6=0),"n.d.",AA6/Z6) -> 0.83244494
A7: 2026Q2 | B7: IT | C7: Italy | D7: EUR | E7: =SUMIFS('Taux'!$D$6:$D$10,'Taux'!$A$6:$A$10,A7,'Taux'!$B$6:$B$10,D7) -> 1 | F7: =IF(OR(COUNTIFS('Stock'!$A$6:$A$26,$A7,'Stock'!$B$6:$B$26,$B7)=0,COUNTIFS('Stock'!$A$6:$A$26,$A7,'Stock'!$B$6:$B$26,$B7,'Stock'!$F$6:$F$26,"n.d.")>0),"n.d.",SUMIFS('Stock'!$F$6:$F$26,'Stock'!$A$6:$A$26,$A7,'Stock'!$B$6:$B$26,$B7)) -> 1.3621317e+08 | G7: =IF(OR(COUNTIFS('Stock'!$A$6:$A$26,$A7,'Stock'!$B$6:$B$26,$B7)=0,COUNTIFS('Stock'!$A$6:$A$26,$A7,'Stock'!$B$6:$B$26,$B7,'Stock'!$L$6:$L$26,"n.d.")>0),"n.d.",SUMIFS('Stock'!$L$6:$L$26,'Stock'!$A$6:$A$26,$A7,'Stock'!$B$6:$B$26,$B7)) -> 1.3542574e+08 | H7: =IF(OR(COUNTIFS('Stock'!$A$6:$A$26,$A7,'Stock'!$B$6:$B$26,$B7)=0,COUNTIFS('Stock'!$A$6:$A$26,$A7,'Stock'!$B$6:$B$26,$B7,'Stock'!$M$6:$M$26,"n.d.")>0),"n.d.",SUMIFS('Stock'!$M$6:$M$26,'Stock'!$A$6:$A$26,$A7,'Stock'!$B$6:$B$26,$B7)) -> 787426.24 | I7: =IF(OR(COUNTIFS('Stock'!$A$6:$A$26,$A7,'Stock'!$B$6:$B$26,$B7)=0,COUNTIFS('Stock'!$A$6:$A$26,$A7,'Stock'!$B$6:$B$26,$B7,'Stock'!$H$6:$H$26,"n.d.")>0),"n.d.",SUMIFS('Stock'!$H$6:$H$26,'Stock'!$A$6:$A$26,$A7,'Stock'!$B$6:$B$26,$B7)) -> 2339719.7 | J7: =IF(OR(COUNTIFS('Stock'!$A$6:$A$26,$A7,'Stock'!$B$6:$B$26,$B7)=0,COUNTIFS('Stock'!$A$6:$A$26,$A7,'Stock'!$B$6:$B$26,$B7,'Stock'!$N$6:$N$26,"n.d.")>0),"n.d.",SUMIFS('Stock'!$N$6:$N$26,'Stock'!$A$6:$A$26,$A7,'Stock'!$B$6:$B$26,$B7)) -> 3127146 | K7: 0 | L7: =IF(COUNT(J7,K7)=2,J7+K7,"n.d.") -> 3127146 | M7: =IF(OR(COUNTIFS('Stock'!$A$6:$A$26,$A7,'Stock'!$B$6:$B$26,$B7)=0,COUNTIFS('Stock'!$A$6:$A$26,$A7,'Stock'!$B$6:$B$26,$B7,'Stock'!$R$6:$R$26,"n.d.")>0),"n.d.",SUMIFS('Stock'!$R$6:$R$26,'Stock'!$A$6:$A$26,$A7,'Stock'!$B$6:$B$26,$B7)) -> 787426.24 | N7: =IF(OR(COUNTIFS('Stock'!$A$6:$A$26,$A7,'Stock'!$B$6:$B$26,$B7)=0,COUNTIFS('Stock'!$A$6:$A$26,$A7,'Stock'!$B$6:$B$26,$B7,'Stock'!$S$6:$S$26,"n.d.")>0),"n.d.",SUMIFS('Stock'!$S$6:$S$26,'Stock'!$A$6:$A$26,$A7,'Stock'!$B$6:$B$26,$B7)) -> 3127146 | O7: =IF(COUNT(L7,E7)=2,L7/E7,"n.d.") -> 3127146 | P7: =IF(OR(COUNTIFS('Repartition stock'!$A$6:$A$94,$A7,'Repartition stock'!$B$6:$B$94,$B7,'Repartition stock'!$E$6:$E$94,"Tranche")=0,COUNTIFS('Repartition stock'!$A$6:$A$94,$A7,'Repartition stock'!$B$6:$B$94,$B7,'Repartition stock'!$E$6:$E$94,"Tranche",'Repartition stock'!$G$6:$G$94,"n.d.")>0),"n.d.",SUMIFS('Repartition stock'!$G$6:$G$94,'Repartition stock'!$A$6:$A$94,$A7,'Repartition stock'!$B$6:$B$94,$B7,'Repartition stock'!$E$6:$E$94,"Tranche")) -> 5595 | Q7: =IF(OR(COUNTIFS('Flux'!$A$6:$A$41,$A7,'Flux'!$B$6:$B$41,$B7)=0,COUNTIFS('Flux'!$A$6:$A$41,$A7,'Flux'!$B$6:$B$41,$B7,'Flux'!$R$6:$R$41,"n.d.")>0),"n.d.",SUMIFS('Flux'!$R$6:$R$41,'Flux'!$A$6:$A$41,$A7,'Flux'!$B$6:$B$41,$B7)) -> 6678520 | R7: =IF(OR(COUNTIFS('Flux'!$A$6:$A$41,$A7,'Flux'!$B$6:$B$41,$B7)=0,COUNTIFS('Flux'!$A$6:$A$41,$A7,'Flux'!$B$6:$B$41,$B7,'Flux'!$S$6:$S$41,"n.d.")>0),"n.d.",SUMIFS('Flux'!$S$6:$S$41,'Flux'!$A$6:$A$41,$A7,'Flux'!$B$6:$B$41,$B7)) -> 6028261.4 | S7: =IF(OR(COUNTIFS('Flux'!$A$6:$A$41,$A7,'Flux'!$B$6:$B$41,$B7)=0,COUNTIFS('Flux'!$A$6:$A$41,$A7,'Flux'!$B$6:$B$41,$B7,'Flux'!$G$6:$G$41,"n.d.")>0),"n.d.",SUMIFS('Flux'!$G$6:$G$41,'Flux'!$A$6:$A$41,$A7,'Flux'!$B$6:$B$41,$B7)) -> 27734 | T7: =IF(OR(COUNTIFS('Flux'!$A$6:$A$41,$A7,'Flux'!$B$6:$B$41,$B7)=0,COUNTIFS('Flux'!$A$6:$A$41,$A7,'Flux'!$B$6:$B$41,$B7,'Flux'!$N$6:$N$41,"n.d.")>0),"n.d.",SUMIFS('Flux'!$N$6:$N$41,'Flux'!$A$6:$A$41,$A7,'Flux'!$B$6:$B$41,$B7)) -> 23700 | U7: =IF(OR(COUNT(R7,Q7)<>2,Q7=0),"n.d.",R7/Q7) -> 0.90263432 | V7: =IF(OR(COUNT(T7,S7)<>2,S7=0),"n.d.",T7/S7) -> 0.85454677 | W7: =IF(COUNT(Q7)=1,Q7/6,"n.d.") -> 1113086.7 | X7: =IF(OR(COUNTIFS('Flux'!$A$6:$A$41,$A7,'Flux'!$B$6:$B$41,$B7,'Flux'!$E$6:$E$41,DATE(2026,1,1))=0,COUNTIFS('Flux'!$A$6:$A$41,$A7,'Flux'!$B$6:$B$41,$B7,'Flux'!$E$6:$E$41,DATE(2026,1,1),'Flux'!$T$6:$T$41,"n.d.")>0),"n.d.",SUMIFS('Flux'!$T$6:$T$41,'Flux'!$A$6:$A$41,$A7,'Flux'!$B$6:$B$41,$B7,'Flux'!$E$6:$E$41,DATE(2026,1,1))) -> 0.98437849 | Y7: =IF(OR(COUNTIFS('Flux'!$A$6:$A$41,$A7,'Flux'!$B$6:$B$41,$B7,'Flux'!$E$6:$E$41,DATE(2026,1,1))=0,COUNTIFS('Flux'!$A$6:$A$41,$A7,'Flux'!$B$6:$B$41,$B7,'Flux'!$E$6:$E$41,DATE(2026,1,1),'Flux'!$U$6:$U$41,"n.d.")>0),"n.d.",SUMIFS('Flux'!$U$6:$U$41,'Flux'!$A$6:$A$41,$A7,'Flux'!$B$6:$B$41,$B7,'Flux'!$E$6:$E$41,DATE(2026,1,1))) -> 0.9484959 | Z7: =IF(OR(COUNTIFS('Flux'!$A$6:$A$41,$A7,'Flux'!$B$6:$B$41,$B7,'Flux'!$E$6:$E$41,">="&DATE(2026,4,1))=0,COUNTIFS('Flux'!$A$6:$A$41,$A7,'Flux'!$B$6:$B$41,$B7,'Flux'!$E$6:$E$41,">="&DATE(2026,4,1),'Flux'!$R$6:$R$41,"n.d.")>0),"n.d.",SUMIFS('Flux'!$R$6:$R$41,'Flux'!$A$6:$A$41,$A7,'Flux'!$B$6:$B$41,$B7,'Flux'!$E$6:$E$41,">="&DATE(2026,4,1))) -> 3602309.3 | AA7: =IF(OR(COUNTIFS('Flux'!$A$6:$A$41,$A7,'Flux'!$B$6:$B$41,$B7,'Flux'!$E$6:$E$41,">="&DATE(2026,4,1))=0,COUNTIFS('Flux'!$A$6:$A$41,$A7,'Flux'!$B$6:$B$41,$B7,'Flux'!$E$6:$E$41,">="&DATE(2026,4,1),'Flux'!$S$6:$S$41,"n.d.")>0),"n.d.",SUMIFS('Flux'!$S$6:$S$41,'Flux'!$A$6:$A$41,$A7,'Flux'!$B$6:$B$41,$B7,'Flux'!$E$6:$E$41,">="&DATE(2026,4,1))) -> 3004893.3 | AB7: =IF(OR(COUNT(Z7,AA7)<>2,Z7=0),"n.d.",AA7/Z7) -> 0.83415749
A8: 2026Q2 | B8: ZA | C8: South Africa | D8: ZAR | E8: =SUMIFS('Taux'!$D$6:$D$10,'Taux'!$A$6:$A$10,A8,'Taux'!$B$6:$B$10,D8) -> 18.722828 | F8: =IF(OR(COUNTIFS('Stock'!$A$6:$A$26,$A8,'Stock'!$B$6:$B$26,$B8)=0,COUNTIFS('Stock'!$A$6:$A$26,$A8,'Stock'!$B$6:$B$26,$B8,'Stock'!$F$6:$F$26,"n.d.")>0),"n.d.",SUMIFS('Stock'!$F$6:$F$26,'Stock'!$A$6:$A$26,$A8,'Stock'!$B$6:$B$26,$B8)) -> 80670819 | G8: =IF(OR(COUNTIFS('Stock'!$A$6:$A$26,$A8,'Stock'!$B$6:$B$26,$B8)=0,COUNTIFS('Stock'!$A$6:$A$26,$A8,'Stock'!$B$6:$B$26,$B8,'Stock'!$L$6:$L$26,"n.d.")>0),"n.d.",SUMIFS('Stock'!$L$6:$L$26,'Stock'!$A$6:$A$26,$A8,'Stock'!$B$6:$B$26,$B8)) -> 49491956 | H8: =IF(OR(COUNTIFS('Stock'!$A$6:$A$26,$A8,'Stock'!$B$6:$B$26,$B8)=0,COUNTIFS('Stock'!$A$6:$A$26,$A8,'Stock'!$B$6:$B$26,$B8,'Stock'!$M$6:$M$26,"n.d.")>0),"n.d.",SUMIFS('Stock'!$M$6:$M$26,'Stock'!$A$6:$A$26,$A8,'Stock'!$B$6:$B$26,$B8)) -> 31178863 | I8: =IF(OR(COUNTIFS('Stock'!$A$6:$A$26,$A8,'Stock'!$B$6:$B$26,$B8)=0,COUNTIFS('Stock'!$A$6:$A$26,$A8,'Stock'!$B$6:$B$26,$B8,'Stock'!$H$6:$H$26,"n.d.")>0),"n.d.",SUMIFS('Stock'!$H$6:$H$26,'Stock'!$A$6:$A$26,$A8,'Stock'!$B$6:$B$26,$B8)) -> 4489640.3 | J8: =IF(OR(COUNTIFS('Stock'!$A$6:$A$26,$A8,'Stock'!$B$6:$B$26,$B8)=0,COUNTIFS('Stock'!$A$6:$A$26,$A8,'Stock'!$B$6:$B$26,$B8,'Stock'!$N$6:$N$26,"n.d.")>0),"n.d.",SUMIFS('Stock'!$N$6:$N$26,'Stock'!$A$6:$A$26,$A8,'Stock'!$B$6:$B$26,$B8)) -> 35668503 | K8: 0 | L8: =IF(COUNT(J8,K8)=2,J8+K8,"n.d.") -> 35668503 | M8: =IF(OR(COUNTIFS('Stock'!$A$6:$A$26,$A8,'Stock'!$B$6:$B$26,$B8)=0,COUNTIFS('Stock'!$A$6:$A$26,$A8,'Stock'!$B$6:$B$26,$B8,'Stock'!$R$6:$R$26,"n.d.")>0),"n.d.",SUMIFS('Stock'!$R$6:$R$26,'Stock'!$A$6:$A$26,$A8,'Stock'!$B$6:$B$26,$B8)) -> 1665285.9 | N8: =IF(OR(COUNTIFS('Stock'!$A$6:$A$26,$A8,'Stock'!$B$6:$B$26,$B8)=0,COUNTIFS('Stock'!$A$6:$A$26,$A8,'Stock'!$B$6:$B$26,$B8,'Stock'!$S$6:$S$26,"n.d.")>0),"n.d.",SUMIFS('Stock'!$S$6:$S$26,'Stock'!$A$6:$A$26,$A8,'Stock'!$B$6:$B$26,$B8)) -> 1905080.9 | O8: =IF(COUNT(L8,E8)=2,L8/E8,"n.d.") -> 1905080.9 | P8: =IF(OR(COUNTIFS('Repartition stock'!$A$6:$A$94,$A8,'Repartition stock'!$B$6:$B$94,$B8,'Repartition stock'!$E$6:$E$94,"Tranche")=0,COUNTIFS('Repartition stock'!$A$6:$A$94,$A8,'Repartition stock'!$B$6:$B$94,$B8,'Repartition stock'!$E$6:$E$94,"Tranche",'Repartition stock'!$G$6:$G$94,"n.d.")>0),"n.d.",SUMIFS('Repartition stock'!$G$6:$G$94,'Repartition stock'!$A$6:$A$94,$A8,'Repartition stock'!$B$6:$B$94,$B8,'Repartition stock'!$E$6:$E$94,"Tranche")) -> 71052 | Q8: =IF(OR(COUNTIFS('Flux'!$A$6:$A$41,$A8,'Flux'!$B$6:$B$41,$B8)=0,COUNTIFS('Flux'!$A$6:$A$41,$A8,'Flux'!$B$6:$B$41,$B8,'Flux'!$R$6:$R$41,"n.d.")>0),"n.d.",SUMIFS('Flux'!$R$6:$R$41,'Flux'!$A$6:$A$41,$A8,'Flux'!$B$6:$B$41,$B8)) -> 1175844.6 | R8: =IF(OR(COUNTIFS('Flux'!$A$6:$A$41,$A8,'Flux'!$B$6:$B$41,$B8)=0,COUNTIFS('Flux'!$A$6:$A$41,$A8,'Flux'!$B$6:$B$41,$B8,'Flux'!$S$6:$S$41,"n.d.")>0),"n.d.",SUMIFS('Flux'!$S$6:$S$41,'Flux'!$A$6:$A$41,$A8,'Flux'!$B$6:$B$41,$B8)) -> 532101.49 | S8: =IF(OR(COUNTIFS('Flux'!$A$6:$A$41,$A8,'Flux'!$B$6:$B$41,$B8)=0,COUNTIFS('Flux'!$A$6:$A$41,$A8,'Flux'!$B$6:$B$41,$B8,'Flux'!$G$6:$G$41,"n.d.")>0),"n.d.",SUMIFS('Flux'!$G$6:$G$41,'Flux'!$A$6:$A$41,$A8,'Flux'!$B$6:$B$41,$B8)) -> 114974 | T8: =IF(OR(COUNTIFS('Flux'!$A$6:$A$41,$A8,'Flux'!$B$6:$B$41,$B8)=0,COUNTIFS('Flux'!$A$6:$A$41,$A8,'Flux'!$B$6:$B$41,$B8,'Flux'!$N$6:$N$41,"n.d.")>0),"n.d.",SUMIFS('Flux'!$N$6:$N$41,'Flux'!$A$6:$A$41,$A8,'Flux'!$B$6:$B$41,$B8)) -> 76350 | U8: =IF(OR(COUNT(R8,Q8)<>2,Q8=0),"n.d.",R8/Q8) -> 0.45252704 | V8: =IF(OR(COUNT(T8,S8)<>2,S8=0),"n.d.",T8/S8) -> 0.66406318 | W8: =IF(COUNT(Q8)=1,Q8/6,"n.d.") -> 195974.11 | X8: =IF(OR(COUNTIFS('Flux'!$A$6:$A$41,$A8,'Flux'!$B$6:$B$41,$B8,'Flux'!$E$6:$E$41,DATE(2026,1,1))=0,COUNTIFS('Flux'!$A$6:$A$41,$A8,'Flux'!$B$6:$B$41,$B8,'Flux'!$E$6:$E$41,DATE(2026,1,1),'Flux'!$T$6:$T$41,"n.d.")>0),"n.d.",SUMIFS('Flux'!$T$6:$T$41,'Flux'!$A$6:$A$41,$A8,'Flux'!$B$6:$B$41,$B8,'Flux'!$E$6:$E$41,DATE(2026,1,1))) -> 0.64934305 | Y8: =IF(OR(COUNTIFS('Flux'!$A$6:$A$41,$A8,'Flux'!$B$6:$B$41,$B8,'Flux'!$E$6:$E$41,DATE(2026,1,1))=0,COUNTIFS('Flux'!$A$6:$A$41,$A8,'Flux'!$B$6:$B$41,$B8,'Flux'!$E$6:$E$41,DATE(2026,1,1),'Flux'!$U$6:$U$41,"n.d.")>0),"n.d.",SUMIFS('Flux'!$U$6:$U$41,'Flux'!$A$6:$A$41,$A8,'Flux'!$B$6:$B$41,$B8,'Flux'!$E$6:$E$41,DATE(2026,1,1))) -> 0.85499812 | Z8: =IF(OR(COUNTIFS('Flux'!$A$6:$A$41,$A8,'Flux'!$B$6:$B$41,$B8,'Flux'!$E$6:$E$41,">="&DATE(2026,4,1))=0,COUNTIFS('Flux'!$A$6:$A$41,$A8,'Flux'!$B$6:$B$41,$B8,'Flux'!$E$6:$E$41,">="&DATE(2026,4,1),'Flux'!$R$6:$R$41,"n.d.")>0),"n.d.",SUMIFS('Flux'!$R$6:$R$41,'Flux'!$A$6:$A$41,$A8,'Flux'!$B$6:$B$41,$B8,'Flux'!$E$6:$E$41,">="&DATE(2026,4,1))) -> 631933.52 | AA8: =IF(OR(COUNTIFS('Flux'!$A$6:$A$41,$A8,'Flux'!$B$6:$B$41,$B8,'Flux'!$E$6:$E$41,">="&DATE(2026,4,1))=0,COUNTIFS('Flux'!$A$6:$A$41,$A8,'Flux'!$B$6:$B$41,$B8,'Flux'!$E$6:$E$41,">="&DATE(2026,4,1),'Flux'!$S$6:$S$41,"n.d.")>0),"n.d.",SUMIFS('Flux'!$S$6:$S$41,'Flux'!$A$6:$A$41,$A8,'Flux'!$B$6:$B$41,$B8,'Flux'!$E$6:$E$41,">="&DATE(2026,4,1))) -> 194532.94 | AB8: =IF(OR(COUNT(Z8,AA8)<>2,Z8=0),"n.d.",AA8/Z8) -> 0.30783766
A9: 2026Q2 | B9: DK | C9: Denmark | D9: DKK | E9: =SUMIFS('Taux'!$D$6:$D$10,'Taux'!$A$6:$A$10,A9,'Taux'!$B$6:$B$10,D9) -> 7.4746711 | F9: =IF(OR(COUNTIFS('Stock'!$A$6:$A$26,$A9,'Stock'!$B$6:$B$26,$B9)=0,COUNTIFS('Stock'!$A$6:$A$26,$A9,'Stock'!$B$6:$B$26,$B9,'Stock'!$F$6:$F$26,"n.d.")>0),"n.d.",SUMIFS('Stock'!$F$6:$F$26,'Stock'!$A$6:$A$26,$A9,'Stock'!$B$6:$B$26,$B9)) -> 1842553.3 | G9: =IF(OR(COUNTIFS('Stock'!$A$6:$A$26,$A9,'Stock'!$B$6:$B$26,$B9)=0,COUNTIFS('Stock'!$A$6:$A$26,$A9,'Stock'!$B$6:$B$26,$B9,'Stock'!$L$6:$L$26,"n.d.")>0),"n.d.",SUMIFS('Stock'!$L$6:$L$26,'Stock'!$A$6:$A$26,$A9,'Stock'!$B$6:$B$26,$B9)) -> 1660255.5 | H9: =IF(OR(COUNTIFS('Stock'!$A$6:$A$26,$A9,'Stock'!$B$6:$B$26,$B9)=0,COUNTIFS('Stock'!$A$6:$A$26,$A9,'Stock'!$B$6:$B$26,$B9,'Stock'!$M$6:$M$26,"n.d.")>0),"n.d.",SUMIFS('Stock'!$M$6:$M$26,'Stock'!$A$6:$A$26,$A9,'Stock'!$B$6:$B$26,$B9)) -> 182297.81 | I9: n.d. | J9: =IF(OR(COUNTIFS('Stock'!$A$6:$A$26,$A9,'Stock'!$B$6:$B$26,$B9)=0,COUNTIFS('Stock'!$A$6:$A$26,$A9,'Stock'!$B$6:$B$26,$B9,'Stock'!$N$6:$N$26,"n.d.")>0),"n.d.",SUMIFS('Stock'!$N$6:$N$26,'Stock'!$A$6:$A$26,$A9,'Stock'!$B$6:$B$26,$B9)) -> 182297.81 | K9: n.d. | L9: =IF(COUNT(J9,K9)=2,J9+K9,"n.d.") -> n.d. | M9: =IF(OR(COUNTIFS('Stock'!$A$6:$A$26,$A9,'Stock'!$B$6:$B$26,$B9)=0,COUNTIFS('Stock'!$A$6:$A$26,$A9,'Stock'!$B$6:$B$26,$B9,'Stock'!$R$6:$R$26,"n.d.")>0),"n.d.",SUMIFS('Stock'!$R$6:$R$26,'Stock'!$A$6:$A$26,$A9,'Stock'!$B$6:$B$26,$B9)) -> 24388.74 | N9: =IF(OR(COUNTIFS('Stock'!$A$6:$A$26,$A9,'Stock'!$B$6:$B$26,$B9)=0,COUNTIFS('Stock'!$A$6:$A$26,$A9,'Stock'!$B$6:$B$26,$B9,'Stock'!$S$6:$S$26,"n.d.")>0),"n.d.",SUMIFS('Stock'!$S$6:$S$26,'Stock'!$A$6:$A$26,$A9,'Stock'!$B$6:$B$26,$B9)) -> 24388.74 | O9: =IF(COUNT(L9,E9)=2,L9/E9,"n.d.") -> n.d. | P9: =IF(OR(COUNTIFS('Repartition stock'!$A$6:$A$94,$A9,'Repartition stock'!$B$6:$B$94,$B9,'Repartition stock'!$E$6:$E$94,"Tranche")=0,COUNTIFS('Repartition stock'!$A$6:$A$94,$A9,'Repartition stock'!$B$6:$B$94,$B9,'Repartition stock'!$E$6:$E$94,"Tranche",'Repartition stock'!$G$6:$G$94,"n.d.")>0),"n.d.",SUMIFS('Repartition stock'!$G$6:$G$94,'Repartition stock'!$A$6:$A$94,$A9,'Repartition stock'!$B$6:$B$94,$B9,'Repartition stock'!$E$6:$E$94,"Tranche")) -> 692 | Q9: =IF(OR(COUNTIFS('Flux'!$A$6:$A$41,$A9,'Flux'!$B$6:$B$41,$B9)=0,COUNTIFS('Flux'!$A$6:$A$41,$A9,'Flux'!$B$6:$B$41,$B9,'Flux'!$R$6:$R$41,"n.d.")>0),"n.d.",SUMIFS('Flux'!$R$6:$R$41,'Flux'!$A$6:$A$41,$A9,'Flux'!$B$6:$B$41,$B9)) -> 115178.67 | R9: =IF(OR(COUNTIFS('Flux'!$A$6:$A$41,$A9,'Flux'!$B$6:$B$41,$B9)=0,COUNTIFS('Flux'!$A$6:$A$41,$A9,'Flux'!$B$6:$B$41,$B9,'Flux'!$S$6:$S$41,"n.d.")>0),"n.d.",SUMIFS('Flux'!$S$6:$S$41,'Flux'!$A$6:$A$41,$A9,'Flux'!$B$6:$B$41,$B9)) -> 90789.931 | S9: =IF(OR(COUNTIFS('Flux'!$A$6:$A$41,$A9,'Flux'!$B$6:$B$41,$B9)=0,COUNTIFS('Flux'!$A$6:$A$41,$A9,'Flux'!$B$6:$B$41,$B9,'Flux'!$G$6:$G$41,"n.d.")>0),"n.d.",SUMIFS('Flux'!$G$6:$G$41,'Flux'!$A$6:$A$41,$A9,'Flux'!$B$6:$B$41,$B9)) -> 2182 | T9: =IF(OR(COUNTIFS('Flux'!$A$6:$A$41,$A9,'Flux'!$B$6:$B$41,$B9)=0,COUNTIFS('Flux'!$A$6:$A$41,$A9,'Flux'!$B$6:$B$41,$B9,'Flux'!$N$6:$N$41,"n.d.")>0),"n.d.",SUMIFS('Flux'!$N$6:$N$41,'Flux'!$A$6:$A$41,$A9,'Flux'!$B$6:$B$41,$B9)) -> 1490 | U9: =IF(OR(COUNT(R9,Q9)<>2,Q9=0),"n.d.",R9/Q9) -> 0.78825298 | V9: =IF(OR(COUNT(T9,S9)<>2,S9=0),"n.d.",T9/S9) -> 0.68285976 | W9: =IF(COUNT(Q9)=1,Q9/6,"n.d.") -> 19196.445 | X9: =IF(OR(COUNTIFS('Flux'!$A$6:$A$41,$A9,'Flux'!$B$6:$B$41,$B9,'Flux'!$E$6:$E$41,DATE(2026,1,1))=0,COUNTIFS('Flux'!$A$6:$A$41,$A9,'Flux'!$B$6:$B$41,$B9,'Flux'!$E$6:$E$41,DATE(2026,1,1),'Flux'!$T$6:$T$41,"n.d.")>0),"n.d.",SUMIFS('Flux'!$T$6:$T$41,'Flux'!$A$6:$A$41,$A9,'Flux'!$B$6:$B$41,$B9,'Flux'!$E$6:$E$41,DATE(2026,1,1))) -> 1 | Y9: =IF(OR(COUNTIFS('Flux'!$A$6:$A$41,$A9,'Flux'!$B$6:$B$41,$B9,'Flux'!$E$6:$E$41,DATE(2026,1,1))=0,COUNTIFS('Flux'!$A$6:$A$41,$A9,'Flux'!$B$6:$B$41,$B9,'Flux'!$E$6:$E$41,DATE(2026,1,1),'Flux'!$U$6:$U$41,"n.d.")>0),"n.d.",SUMIFS('Flux'!$U$6:$U$41,'Flux'!$A$6:$A$41,$A9,'Flux'!$B$6:$B$41,$B9,'Flux'!$E$6:$E$41,DATE(2026,1,1))) -> 1 | Z9: =IF(OR(COUNTIFS('Flux'!$A$6:$A$41,$A9,'Flux'!$B$6:$B$41,$B9,'Flux'!$E$6:$E$41,">="&DATE(2026,4,1))=0,COUNTIFS('Flux'!$A$6:$A$41,$A9,'Flux'!$B$6:$B$41,$B9,'Flux'!$E$6:$E$41,">="&DATE(2026,4,1),'Flux'!$R$6:$R$41,"n.d.")>0),"n.d.",SUMIFS('Flux'!$R$6:$R$41,'Flux'!$A$6:$A$41,$A9,'Flux'!$B$6:$B$41,$B9,'Flux'!$E$6:$E$41,">="&DATE(2026,4,1))) -> 48477.171 | AA9: =IF(OR(COUNTIFS('Flux'!$A$6:$A$41,$A9,'Flux'!$B$6:$B$41,$B9,'Flux'!$E$6:$E$41,">="&DATE(2026,4,1))=0,COUNTIFS('Flux'!$A$6:$A$41,$A9,'Flux'!$B$6:$B$41,$B9,'Flux'!$E$6:$E$41,">="&DATE(2026,4,1),'Flux'!$S$6:$S$41,"n.d.")>0),"n.d.",SUMIFS('Flux'!$S$6:$S$41,'Flux'!$A$6:$A$41,$A9,'Flux'!$B$6:$B$41,$B9,'Flux'!$E$6:$E$41,">="&DATE(2026,4,1))) -> 24584.278 | AB9: =IF(OR(COUNT(Z9,AA9)<>2,Z9=0),"n.d.",AA9/Z9) -> 0.50713103
A10: 2026Q2 | B10: NO | C10: Norway | D10: NOK | E10: =SUMIFS('Taux'!$D$6:$D$10,'Taux'!$A$6:$A$10,A10,'Taux'!$B$6:$B$10,D10) -> 11.311265 | F10: =IF(OR(COUNTIFS('Stock'!$A$6:$A$26,$A10,'Stock'!$B$6:$B$26,$B10)=0,COUNTIFS('Stock'!$A$6:$A$26,$A10,'Stock'!$B$6:$B$26,$B10,'Stock'!$F$6:$F$26,"n.d.")>0),"n.d.",SUMIFS('Stock'!$F$6:$F$26,'Stock'!$A$6:$A$26,$A10,'Stock'!$B$6:$B$26,$B10)) -> 1922879.4 | G10: =IF(OR(COUNTIFS('Stock'!$A$6:$A$26,$A10,'Stock'!$B$6:$B$26,$B10)=0,COUNTIFS('Stock'!$A$6:$A$26,$A10,'Stock'!$B$6:$B$26,$B10,'Stock'!$L$6:$L$26,"n.d.")>0),"n.d.",SUMIFS('Stock'!$L$6:$L$26,'Stock'!$A$6:$A$26,$A10,'Stock'!$B$6:$B$26,$B10)) -> 1800631.3 | H10: =IF(OR(COUNTIFS('Stock'!$A$6:$A$26,$A10,'Stock'!$B$6:$B$26,$B10)=0,COUNTIFS('Stock'!$A$6:$A$26,$A10,'Stock'!$B$6:$B$26,$B10,'Stock'!$M$6:$M$26,"n.d.")>0),"n.d.",SUMIFS('Stock'!$M$6:$M$26,'Stock'!$A$6:$A$26,$A10,'Stock'!$B$6:$B$26,$B10)) -> 122248.06 | I10: n.d. | J10: =IF(OR(COUNTIFS('Stock'!$A$6:$A$26,$A10,'Stock'!$B$6:$B$26,$B10)=0,COUNTIFS('Stock'!$A$6:$A$26,$A10,'Stock'!$B$6:$B$26,$B10,'Stock'!$N$6:$N$26,"n.d.")>0),"n.d.",SUMIFS('Stock'!$N$6:$N$26,'Stock'!$A$6:$A$26,$A10,'Stock'!$B$6:$B$26,$B10)) -> 122248.06 | K10: n.d. | L10: =IF(COUNT(J10,K10)=2,J10+K10,"n.d.") -> n.d. | M10: =IF(OR(COUNTIFS('Stock'!$A$6:$A$26,$A10,'Stock'!$B$6:$B$26,$B10)=0,COUNTIFS('Stock'!$A$6:$A$26,$A10,'Stock'!$B$6:$B$26,$B10,'Stock'!$R$6:$R$26,"n.d.")>0),"n.d.",SUMIFS('Stock'!$R$6:$R$26,'Stock'!$A$6:$A$26,$A10,'Stock'!$B$6:$B$26,$B10)) -> 10807.639 | N10: =IF(OR(COUNTIFS('Stock'!$A$6:$A$26,$A10,'Stock'!$B$6:$B$26,$B10)=0,COUNTIFS('Stock'!$A$6:$A$26,$A10,'Stock'!$B$6:$B$26,$B10,'Stock'!$S$6:$S$26,"n.d.")>0),"n.d.",SUMIFS('Stock'!$S$6:$S$26,'Stock'!$A$6:$A$26,$A10,'Stock'!$B$6:$B$26,$B10)) -> 10807.639 | O10: =IF(COUNT(L10,E10)=2,L10/E10,"n.d.") -> n.d. | P10: =IF(OR(COUNTIFS('Repartition stock'!$A$6:$A$94,$A10,'Repartition stock'!$B$6:$B$94,$B10,'Repartition stock'!$E$6:$E$94,"Tranche")=0,COUNTIFS('Repartition stock'!$A$6:$A$94,$A10,'Repartition stock'!$B$6:$B$94,$B10,'Repartition stock'!$E$6:$E$94,"Tranche",'Repartition stock'!$G$6:$G$94,"n.d.")>0),"n.d.",SUMIFS('Repartition stock'!$G$6:$G$94,'Repartition stock'!$A$6:$A$94,$A10,'Repartition stock'!$B$6:$B$94,$B10,'Repartition stock'!$E$6:$E$94,"Tranche")) -> 461 | Q10: =IF(OR(COUNTIFS('Flux'!$A$6:$A$41,$A10,'Flux'!$B$6:$B$41,$B10)=0,COUNTIFS('Flux'!$A$6:$A$41,$A10,'Flux'!$B$6:$B$41,$B10,'Flux'!$R$6:$R$41,"n.d.")>0),"n.d.",SUMIFS('Flux'!$R$6:$R$41,'Flux'!$A$6:$A$41,$A10,'Flux'!$B$6:$B$41,$B10)) -> 61465.807 | R10: =IF(OR(COUNTIFS('Flux'!$A$6:$A$41,$A10,'Flux'!$B$6:$B$41,$B10)=0,COUNTIFS('Flux'!$A$6:$A$41,$A10,'Flux'!$B$6:$B$41,$B10,'Flux'!$S$6:$S$41,"n.d.")>0),"n.d.",SUMIFS('Flux'!$S$6:$S$41,'Flux'!$A$6:$A$41,$A10,'Flux'!$B$6:$B$41,$B10)) -> 50658.168 | S10: =IF(OR(COUNTIFS('Flux'!$A$6:$A$41,$A10,'Flux'!$B$6:$B$41,$B10)=0,COUNTIFS('Flux'!$A$6:$A$41,$A10,'Flux'!$B$6:$B$41,$B10,'Flux'!$G$6:$G$41,"n.d.")>0),"n.d.",SUMIFS('Flux'!$G$6:$G$41,'Flux'!$A$6:$A$41,$A10,'Flux'!$B$6:$B$41,$B10)) -> 1122 | T10: =IF(OR(COUNTIFS('Flux'!$A$6:$A$41,$A10,'Flux'!$B$6:$B$41,$B10)=0,COUNTIFS('Flux'!$A$6:$A$41,$A10,'Flux'!$B$6:$B$41,$B10,'Flux'!$N$6:$N$41,"n.d.")>0),"n.d.",SUMIFS('Flux'!$N$6:$N$41,'Flux'!$A$6:$A$41,$A10,'Flux'!$B$6:$B$41,$B10)) -> 661 | U10: =IF(OR(COUNT(R10,Q10)<>2,Q10=0),"n.d.",R10/Q10) -> 0.82416828 | V10: =IF(OR(COUNT(T10,S10)<>2,S10=0),"n.d.",T10/S10) -> 0.58912656 | W10: =IF(COUNT(Q10)=1,Q10/6,"n.d.") -> 10244.301 | X10: =IF(OR(COUNTIFS('Flux'!$A$6:$A$41,$A10,'Flux'!$B$6:$B$41,$B10,'Flux'!$E$6:$E$41,DATE(2026,1,1))=0,COUNTIFS('Flux'!$A$6:$A$41,$A10,'Flux'!$B$6:$B$41,$B10,'Flux'!$E$6:$E$41,DATE(2026,1,1),'Flux'!$T$6:$T$41,"n.d.")>0),"n.d.",SUMIFS('Flux'!$T$6:$T$41,'Flux'!$A$6:$A$41,$A10,'Flux'!$B$6:$B$41,$B10,'Flux'!$E$6:$E$41,DATE(2026,1,1))) -> 0.94101649 | Y10: =IF(OR(COUNTIFS('Flux'!$A$6:$A$41,$A10,'Flux'!$B$6:$B$41,$B10,'Flux'!$E$6:$E$41,DATE(2026,1,1))=0,COUNTIFS('Flux'!$A$6:$A$41,$A10,'Flux'!$B$6:$B$41,$B10,'Flux'!$E$6:$E$41,DATE(2026,1,1),'Flux'!$U$6:$U$41,"n.d.")>0),"n.d.",SUMIFS('Flux'!$U$6:$U$41,'Flux'!$A$6:$A$41,$A10,'Flux'!$B$6:$B$41,$B10,'Flux'!$E$6:$E$41,DATE(2026,1,1))) -> 0.9924812 | Z10: =IF(OR(COUNTIFS('Flux'!$A$6:$A$41,$A10,'Flux'!$B$6:$B$41,$B10,'Flux'!$E$6:$E$41,">="&DATE(2026,4,1))=0,COUNTIFS('Flux'!$A$6:$A$41,$A10,'Flux'!$B$6:$B$41,$B10,'Flux'!$E$6:$E$41,">="&DATE(2026,4,1),'Flux'!$R$6:$R$41,"n.d.")>0),"n.d.",SUMIFS('Flux'!$R$6:$R$41,'Flux'!$A$6:$A$41,$A10,'Flux'!$B$6:$B$41,$B10,'Flux'!$E$6:$E$41,">="&DATE(2026,4,1))) -> 23565.725 | AA10: =IF(OR(COUNTIFS('Flux'!$A$6:$A$41,$A10,'Flux'!$B$6:$B$41,$B10,'Flux'!$E$6:$E$41,">="&DATE(2026,4,1))=0,COUNTIFS('Flux'!$A$6:$A$41,$A10,'Flux'!$B$6:$B$41,$B10,'Flux'!$E$6:$E$41,">="&DATE(2026,4,1),'Flux'!$S$6:$S$41,"n.d.")>0),"n.d.",SUMIFS('Flux'!$S$6:$S$41,'Flux'!$A$6:$A$41,$A10,'Flux'!$B$6:$B$41,$B10,'Flux'!$E$6:$E$41,">="&DATE(2026,4,1))) -> 14867.18 | AB10: =IF(OR(COUNT(Z10,AA10)<>2,Z10=0),"n.d.",AA10/Z10) -> 0.63088152
A11: 2026Q2 | B11: SE | C11: Sweden | D11: SEK | E11: =SUMIFS('Taux'!$D$6:$D$10,'Taux'!$A$6:$A$10,A11,'Taux'!$B$6:$B$10,D11) -> 11.078027 | F11: =IF(OR(COUNTIFS('Stock'!$A$6:$A$26,$A11,'Stock'!$B$6:$B$26,$B11)=0,COUNTIFS('Stock'!$A$6:$A$26,$A11,'Stock'!$B$6:$B$26,$B11,'Stock'!$F$6:$F$26,"n.d.")>0),"n.d.",SUMIFS('Stock'!$F$6:$F$26,'Stock'!$A$6:$A$26,$A11,'Stock'!$B$6:$B$26,$B11)) -> 3486087.8 | G11: =IF(OR(COUNTIFS('Stock'!$A$6:$A$26,$A11,'Stock'!$B$6:$B$26,$B11)=0,COUNTIFS('Stock'!$A$6:$A$26,$A11,'Stock'!$B$6:$B$26,$B11,'Stock'!$L$6:$L$26,"n.d.")>0),"n.d.",SUMIFS('Stock'!$L$6:$L$26,'Stock'!$A$6:$A$26,$A11,'Stock'!$B$6:$B$26,$B11)) -> 3329443.7 | H11: =IF(OR(COUNTIFS('Stock'!$A$6:$A$26,$A11,'Stock'!$B$6:$B$26,$B11)=0,COUNTIFS('Stock'!$A$6:$A$26,$A11,'Stock'!$B$6:$B$26,$B11,'Stock'!$M$6:$M$26,"n.d.")>0),"n.d.",SUMIFS('Stock'!$M$6:$M$26,'Stock'!$A$6:$A$26,$A11,'Stock'!$B$6:$B$26,$B11)) -> 156644.06 | I11: n.d. | J11: =IF(OR(COUNTIFS('Stock'!$A$6:$A$26,$A11,'Stock'!$B$6:$B$26,$B11)=0,COUNTIFS('Stock'!$A$6:$A$26,$A11,'Stock'!$B$6:$B$26,$B11,'Stock'!$N$6:$N$26,"n.d.")>0),"n.d.",SUMIFS('Stock'!$N$6:$N$26,'Stock'!$A$6:$A$26,$A11,'Stock'!$B$6:$B$26,$B11)) -> 156644.06 | K11: n.d. | L11: =IF(COUNT(J11,K11)=2,J11+K11,"n.d.") -> n.d. | M11: =IF(OR(COUNTIFS('Stock'!$A$6:$A$26,$A11,'Stock'!$B$6:$B$26,$B11)=0,COUNTIFS('Stock'!$A$6:$A$26,$A11,'Stock'!$B$6:$B$26,$B11,'Stock'!$R$6:$R$26,"n.d.")>0),"n.d.",SUMIFS('Stock'!$R$6:$R$26,'Stock'!$A$6:$A$26,$A11,'Stock'!$B$6:$B$26,$B11)) -> 14140.069 | N11: =IF(OR(COUNTIFS('Stock'!$A$6:$A$26,$A11,'Stock'!$B$6:$B$26,$B11)=0,COUNTIFS('Stock'!$A$6:$A$26,$A11,'Stock'!$B$6:$B$26,$B11,'Stock'!$S$6:$S$26,"n.d.")>0),"n.d.",SUMIFS('Stock'!$S$6:$S$26,'Stock'!$A$6:$A$26,$A11,'Stock'!$B$6:$B$26,$B11)) -> 14140.069 | O11: =IF(COUNT(L11,E11)=2,L11/E11,"n.d.") -> n.d. | P11: =IF(OR(COUNTIFS('Repartition stock'!$A$6:$A$94,$A11,'Repartition stock'!$B$6:$B$94,$B11,'Repartition stock'!$E$6:$E$94,"Tranche")=0,COUNTIFS('Repartition stock'!$A$6:$A$94,$A11,'Repartition stock'!$B$6:$B$94,$B11,'Repartition stock'!$E$6:$E$94,"Tranche",'Repartition stock'!$G$6:$G$94,"n.d.")>0),"n.d.",SUMIFS('Repartition stock'!$G$6:$G$94,'Repartition stock'!$A$6:$A$94,$A11,'Repartition stock'!$B$6:$B$94,$B11,'Repartition stock'!$E$6:$E$94,"Tranche")) -> 487 | Q11: =IF(OR(COUNTIFS('Flux'!$A$6:$A$41,$A11,'Flux'!$B$6:$B$41,$B11)=0,COUNTIFS('Flux'!$A$6:$A$41,$A11,'Flux'!$B$6:$B$41,$B11,'Flux'!$R$6:$R$41,"n.d.")>0),"n.d.",SUMIFS('Flux'!$R$6:$R$41,'Flux'!$A$6:$A$41,$A11,'Flux'!$B$6:$B$41,$B11)) -> 170419.97 | R11: =IF(OR(COUNTIFS('Flux'!$A$6:$A$41,$A11,'Flux'!$B$6:$B$41,$B11)=0,COUNTIFS('Flux'!$A$6:$A$41,$A11,'Flux'!$B$6:$B$41,$B11,'Flux'!$S$6:$S$41,"n.d.")>0),"n.d.",SUMIFS('Flux'!$S$6:$S$41,'Flux'!$A$6:$A$41,$A11,'Flux'!$B$6:$B$41,$B11)) -> 156279.9 | S11: =IF(OR(COUNTIFS('Flux'!$A$6:$A$41,$A11,'Flux'!$B$6:$B$41,$B11)=0,COUNTIFS('Flux'!$A$6:$A$41,$A11,'Flux'!$B$6:$B$41,$B11,'Flux'!$G$6:$G$41,"n.d.")>0),"n.d.",SUMIFS('Flux'!$G$6:$G$41,'Flux'!$A$6:$A$41,$A11,'Flux'!$B$6:$B$41,$B11)) -> 3501 | T11: =IF(OR(COUNTIFS('Flux'!$A$6:$A$41,$A11,'Flux'!$B$6:$B$41,$B11)=0,COUNTIFS('Flux'!$A$6:$A$41,$A11,'Flux'!$B$6:$B$41,$B11,'Flux'!$N$6:$N$41,"n.d.")>0),"n.d.",SUMIFS('Flux'!$N$6:$N$41,'Flux'!$A$6:$A$41,$A11,'Flux'!$B$6:$B$41,$B11)) -> 3014 | U11: =IF(OR(COUNT(R11,Q11)<>2,Q11=0),"n.d.",R11/Q11) -> 0.9170281 | V11: =IF(OR(COUNT(T11,S11)<>2,S11=0),"n.d.",T11/S11) -> 0.86089689 | W11: =IF(COUNT(Q11)=1,Q11/6,"n.d.") -> 28403.328 | X11: =IF(OR(COUNTIFS('Flux'!$A$6:$A$41,$A11,'Flux'!$B$6:$B$41,$B11,'Flux'!$E$6:$E$41,DATE(2026,1,1))=0,COUNTIFS('Flux'!$A$6:$A$41,$A11,'Flux'!$B$6:$B$41,$B11,'Flux'!$E$6:$E$41,DATE(2026,1,1),'Flux'!$T$6:$T$41,"n.d.")>0),"n.d.",SUMIFS('Flux'!$T$6:$T$41,'Flux'!$A$6:$A$41,$A11,'Flux'!$B$6:$B$41,$B11,'Flux'!$E$6:$E$41,DATE(2026,1,1))) -> 1 | Y11: =IF(OR(COUNTIFS('Flux'!$A$6:$A$41,$A11,'Flux'!$B$6:$B$41,$B11,'Flux'!$E$6:$E$41,DATE(2026,1,1))=0,COUNTIFS('Flux'!$A$6:$A$41,$A11,'Flux'!$B$6:$B$41,$B11,'Flux'!$E$6:$E$41,DATE(2026,1,1),'Flux'!$U$6:$U$41,"n.d.")>0),"n.d.",SUMIFS('Flux'!$U$6:$U$41,'Flux'!$A$6:$A$41,$A11,'Flux'!$B$6:$B$41,$B11,'Flux'!$E$6:$E$41,DATE(2026,1,1))) -> 1 | Z11: =IF(OR(COUNTIFS('Flux'!$A$6:$A$41,$A11,'Flux'!$B$6:$B$41,$B11,'Flux'!$E$6:$E$41,">="&DATE(2026,4,1))=0,COUNTIFS('Flux'!$A$6:$A$41,$A11,'Flux'!$B$6:$B$41,$B11,'Flux'!$E$6:$E$41,">="&DATE(2026,4,1),'Flux'!$R$6:$R$41,"n.d.")>0),"n.d.",SUMIFS('Flux'!$R$6:$R$41,'Flux'!$A$6:$A$41,$A11,'Flux'!$B$6:$B$41,$B11,'Flux'!$E$6:$E$41,">="&DATE(2026,4,1))) -> 72120.7 | AA11: =IF(OR(COUNTIFS('Flux'!$A$6:$A$41,$A11,'Flux'!$B$6:$B$41,$B11,'Flux'!$E$6:$E$41,">="&DATE(2026,4,1))=0,COUNTIFS('Flux'!$A$6:$A$41,$A11,'Flux'!$B$6:$B$41,$B11,'Flux'!$E$6:$E$41,">="&DATE(2026,4,1),'Flux'!$S$6:$S$41,"n.d.")>0),"n.d.",SUMIFS('Flux'!$S$6:$S$41,'Flux'!$A$6:$A$41,$A11,'Flux'!$B$6:$B$41,$B11,'Flux'!$E$6:$E$41,">="&DATE(2026,4,1))) -> 58153.652 | AB11: =IF(OR(COUNT(Z11,AA11)<>2,Z11=0),"n.d.",AA11/Z11) -> 0.80633787

Sheet Flux
A2: Flux par cohorte mensuelle et date de reporting
A3: Une même cohorte peut apparaître dans plusieurs trimestres de reporting. Filtrer le trimestre avant d'agréger.
A5: Trimestre | B5: Code pays | C5: Pays | D5: Devise | E5: Mois de cohorte | F5: Flux local | G5: Contrats entrants | H5: Remboursé client local | I5: Injoignables local | J5: Faux positifs local | K5: Autorités local | L5: Autres sans remboursement local | M5: Traité calculé local | N5: Contrats traités | O5: Reste local | P5: Contrats restants | Q5: Taux local pour 1 EUR | R5: Flux EUR | S5: Traité EUR | T5: Efficacité montant | U5: Efficacité nombre | V5: Traité déclaré local | W5: Source
A6: 2026Q2 | B6: AT | C6: Austria | D6: EUR | E6: 46023 | F6: 4213.14 | G6: 66 | H6: 3795.5 | I6: 0 | J6: 0 | K6: n.d. | L6: n.d. | M6: =IF(COUNT(H6,I6,J6)=3,SUM(H6,I6,J6),"n.d.") -> 3795.5 | N6: 51 | O6: =IF(COUNT(F6,M6)=2,F6-M6,"n.d.") -> 417.64 | P6: =IF(COUNT(G6,N6)=2,G6-N6,"n.d.") -> 15 | Q6: =SUMIFS('Taux'!$D$6:$D$10,'Taux'!$A$6:$A$10,A6,'Taux'!$B$6:$B$10,D6) -> 1 | R6: =IF(COUNT(F6,Q6)=2,F6/Q6,"n.d.") -> 4213.14 | S6: =IF(COUNT(M6,Q6)=2,M6/Q6,"n.d.") -> 3795.5 | T6: =IF(OR(COUNT(F6,M6)<>2,F6=0),"n.d.",M6/F6) -> 0.90087203 | U6: =IF(OR(COUNT(G6,N6)<>2,G6=0),"n.d.",N6/G6) -> 0.77272727 | V6: 3795.5 | W6: AUSTRIA.xlsx!KPI_2!H27:H39
A7: 2026Q2 | B7: AT | C7: Austria | D7: EUR | E7: 46054 | F7: 6335.46 | G7: 67 | H7: 4538.53 | I7: 0 | J7: 0 | K7: n.d. | L7: n.d. | M7: =IF(COUNT(H7,I7,J7)=3,SUM(H7,I7,J7),"n.d.") -> 4538.53 | N7: 45 | O7: =IF(COUNT(F7,M7)=2,F7-M7,"n.d.") -> 1796.93 | P7: =IF(COUNT(G7,N7)=2,G7-N7,"n.d.") -> 22 | Q7: =SUMIFS('Taux'!$D$6:$D$10,'Taux'!$A$6:$A$10,A7,'Taux'!$B$6:$B$10,D7) -> 1 | R7: =IF(COUNT(F7,Q7)=2,F7/Q7,"n.d.") -> 6335.46 | S7: =IF(COUNT(M7,Q7)=2,M7/Q7,"n.d.") -> 4538.53 | T7: =IF(OR(COUNT(F7,M7)<>2,F7=0),"n.d.",M7/F7) -> 0.71636945 | U7: =IF(OR(COUNT(G7,N7)<>2,G7=0),"n.d.",N7/G7) -> 0.67164179 | V7: 4538.53 | W7: AUSTRIA.xlsx!KPI_2!G27:G39
A8: 2026Q2 | B8: AT | C8: Austria | D8: EUR | E8: 46082 | F8: 25273.23 | G8: 32 | H8: 25273.23 | I8: 0 | J8: 0 | K8: n.d. | L8: n.d. | M8: =IF(COUNT(H8,I8,J8)=3,SUM(H8,I8,J8),"n.d.") -> 25273.23 | N8: 32 | O8: =IF(COUNT(F8,M8)=2,F8-M8,"n.d.") -> 0 | P8: =IF(COUNT(G8,N8)=2,G8-N8,"n.d.") -> 0 | Q8: =SUMIFS('Taux'!$D$6:$D$10,'Taux'!$A$6:$A$10,A8,'Taux'!$B$6:$B$10,D8) -> 1 | R8: =IF(COUNT(F8,Q8)=2,F8/Q8,"n.d.") -> 25273.23 | S8: =IF(COUNT(M8,Q8)=2,M8/Q8,"n.d.") -> 25273.23 | T8: =IF(OR(COUNT(F8,M8)<>2,F8=0),"n.d.",M8/F8) -> 1 | U8: =IF(OR(COUNT(G8,N8)<>2,G8=0),"n.d.",N8/G8) -> 1 | V8: 25273.23 | W8: AUSTRIA.xlsx!KPI_2!F27:F39
A9: 2026Q2 | B9: AT | C9: Austria | D9: EUR | E9: 46113 | F9: 4747.02 | G9: 42 | H9: 4747.02 | I9: 0 | J9: 0 | K9: n.d. | L9: n.d. | M9: =IF(COUNT(H9,I9,J9)=3,SUM(H9,I9,J9),"n.d.") -> 4747.02 | N9: 42 | O9: =IF(COUNT(F9,M9)=2,F9-M9,"n.d.") -> 0 | P9: =IF(COUNT(G9,N9)=2,G9-N9,"n.d.") -> 0 | Q9: =SUMIFS('Taux'!$D$6:$D$10,'Taux'!$A$6:$A$10,A9,'Taux'!$B$6:$B$10,D9) -> 1 | R9: =IF(COUNT(F9,Q9)=2,F9/Q9,"n.d.") -> 4747.02 | S9: =IF(COUNT(M9,Q9)=2,M9/Q9,"n.d.") -> 4747.02 | T9: =IF(OR(COUNT(F9,M9)<>2,F9=0),"n.d.",M9/F9) -> 1 | U9: =IF(OR(COUNT(G9,N9)<>2,G9=0),"n.d.",N9/G9) -> 1 | V9: 4747.02 | W9: AUSTRIA.xlsx!KPI_2!E27:E39
A10: 2026Q2 | B10: AT | C10: Austria | D10: EUR | E10: 46143 | F10: 11020.09 | G10: 30 | H10: 11005.86 | I10: 0 | J10: 0 | K10: n.d. | L10: n.d. | M10: =IF(COUNT(H10,I10,J10)=3,SUM(H10,I10,J10),"n.d.") -> 11005.86 | N10: 29 | O10: =IF(COUNT(F10,M10)=2,F10-M10,"n.d.") -> 14.23 | P10: =IF(COUNT(G10,N10)=2,G10-N10,"n.d.") -> 1 | Q10: =SUMIFS('Taux'!$D$6:$D$10,'Taux'!$A$6:$A$10,A10,'Taux'!$B$6:$B$10,D10) -> 1 | R10: =IF(COUNT(F10,Q10)=2,F10/Q10,"n.d.") -> 11020.09 | S10: =IF(COUNT(M10,Q10)=2,M10/Q10,"n.d.") -> 11005.86 | T10: =IF(OR(COUNT(F10,M10)<>2,F10=0),"n.d.",M10/F10) -> 0.99870872 | U10: =IF(OR(COUNT(G10,N10)<>2,G10=0),"n.d.",N10/G10) -> 0.96666667 | V10: 11005.86 | W10: AUSTRIA.xlsx!KPI_2!D27:D39
A11: 2026Q2 | B11: AT | C11: Austria | D11: EUR | E11: 46174 | F11: 3156.52 | G11: 27 | H11: 0 | I11: 0 | J11: 0 | K11: n.d. | L11: n.d. | M11: =IF(COUNT(H11,I11,J11)=3,SUM(H11,I11,J11),"n.d.") -> 0 | N11: 0 | O11: =IF(COUNT(F11,M11)=2,F11-M11,"n.d.") -> 3156.52 | P11: =IF(COUNT(G11,N11)=2,G11-N11,"n.d.") -> 27 | Q11: =SUMIFS('Taux'!$D$6:$D$10,'Taux'!$A$6:$A$10,A11,'Taux'!$B$6:$B$10,D11) -> 1 | R11: =IF(COUNT(F11,Q11)=2,F11/Q11,"n.d.") -> 3156.52 | S11: =IF(COUNT(M11,Q11)=2,M11/Q11,"n.d.") -> 0 | T11: =IF(OR(COUNT(F11,M11)<>2,F11=0),"n.d.",M11/F11) -> 0 | U11: =IF(OR(COUNT(G11,N11)<>2,G11=0),"n.d.",N11/G11) -> 0 | V11: 0 | W11: AUSTRIA.xlsx!KPI_2!C27:C39
A12: 2026Q2 | B12: IT | C12: Italy | D12: EUR | E12: 46023 | F12: 946898.07 | G12: 4388 | H12: 899397.79 | I12: 32708.3 | J12: 0 | K12: n.d. | L12: n.d. | M12: =IF(COUNT(H12,I12,J12)=3,SUM(H12,I12,J12),"n.d.") -> 932106.09 | N12: 4162 | O12: =IF(COUNT(F12,M12)=2,F12-M12,"n.d.") -> 14791.98 | P12: =IF(COUNT(G12,N12)=2,G12-N12,"n.d.") -> 226 | Q12: =SUMIFS('Taux'!$D$6:$D$10,'Taux'!$A$6:$A$10,A12,'Taux'!$B$6:$B$10,D12) -> 1 | R12: =IF(COUNT(F12,Q12)=2,F12/Q12,"n.d.") -> 946898.07 | S12: =IF(COUNT(M12,Q12)=2,M12/Q12,"n.d.") -> 932106.09 | T12: =IF(OR(COUNT(F12,M12)<>2,F12=0),"n.d.",M12/F12) -> 0.98437849 | U12: =IF(OR(COUNT(G12,N12)<>2,G12=0),"n.d.",N12/G12) -> 0.9484959 | V12: 932106.09 | W12: ITALY.xlsx!KPI_2!H27:H39
A13: 2026Q2 | B13: IT | C13: Italy | D13: EUR | E13: 46054 | F13: 951551.94 | G13: 4231 | H13: 908740.9 | I13: 25496.34 | J13: 0 | K13: n.d. | L13: n.d. | M13: =IF(COUNT(H13,I13,J13)=3,SUM(H13,I13,J13),"n.d.") -> 934237.24 | N13: 3816 | O13: =IF(COUNT(F13,M13)=2,F13-M13,"n.d.") -> 17314.7 | P13: =IF(COUNT(G13,N13)=2,G13-N13,"n.d.") -> 415 | Q13: =SUMIFS('Taux'!$D$6:$D$10,'Taux'!$A$6:$A$10,A13,'Taux'!$B$6:$B$10,D13) -> 1 | R13: =IF(COUNT(F13,Q13)=2,F13/Q13,"n.d.") -> 951551.94 | S13: =IF(COUNT(M13,Q13)=2,M13/Q13,"n.d.") -> 934237.24 | T13: =IF(OR(COUNT(F13,M13)<>2,F13=0),"n.d.",M13/F13) -> 0.98180373 | U13: =IF(OR(COUNT(G13,N13)<>2,G13=0),"n.d.",N13/G13) -> 0.90191444 | V13: 934237.24 | W13: ITALY.xlsx!KPI_2!G27:G39
A14: 2026Q2 | B14: IT | C14: Italy | D14: EUR | E14: 46082 | F14: 1177760.6 | G14: 4606 | H14: 1127452.8 | I14: 29571.98 | J14: 0 | K14: n.d. | L14: n.d. | M14: =IF(COUNT(H14,I14,J14)=3,SUM(H14,I14,J14),"n.d.") -> 1157024.7 | N14: 4303 | O14: =IF(COUNT(F14,M14)=2,F14-M14,"n.d.") -> 20735.89 | P14: =IF(COUNT(G14,N14)=2,G14-N14,"n.d.") -> 303 | Q14: =SUMIFS('Taux'!$D$6:$D$10,'Taux'!$A$6:$A$10,A14,'Taux'!$B$6:$B$10,D14) -> 1 | R14: =IF(COUNT(F14,Q14)=2,F14/Q14,"n.d.") -> 1177760.6 | S14: =IF(COUNT(M14,Q14)=2,M14/Q14,"n.d.") -> 1157024.7 | T14: =IF(OR(COUNT(F14,M14)<>2,F14=0),"n.d.",M14/F14) -> 0.9823938 | U14: =IF(OR(COUNT(G14,N14)<>2,G14=0),"n.d.",N14/G14) -> 0.93421624 | V14: 1157024.7 | W14: ITALY.xlsx!KPI_2!F27:F39
A15: 2026Q2 | B15: IT | C15: Italy | D15: EUR | E15: 46113 | F15: 1199203.8 | G15: 4749 | H15: 1134296.4 | I15: 26470.52 | J15: 0 | K15: n.d. | L15: n.d. | M15: =IF(COUNT(H15,I15,J15)=3,SUM(H15,I15,J15),"n.d.") -> 1160766.9 | N15: 4424 | O15: =IF(COUNT(F15,M15)=2,F15-M15,"n.d.") -> 38436.85 | P15: =IF(COUNT(G15,N15)=2,G15-N15,"n.d.") -> 325 | Q15: =SUMIFS('Taux'!$D$6:$D$10,'Taux'!$A$6:$A$10,A15,'Taux'!$B$6:$B$10,D15) -> 1 | R15: =IF(COUNT(F15,Q15)=2,F15/Q15,"n.d.") -> 1199203.8 | S15: =IF(COUNT(M15,Q15)=2,M15/Q15,"n.d.") -> 1160766.9 | T15: =IF(OR(COUNT(F15,M15)<>2,F15=0),"n.d.",M15/F15) -> 0.96794802 | U15: =IF(OR(COUNT(G15,N15)<>2,G15=0),"n.d.",N15/G15) -> 0.93156454 | V15: 1160766.9 | W15: ITALY.xlsx!KPI_2!E27:E39
A16: 2026Q2 | B16: IT | C16: Italy | D16: EUR | E16: 46143 | F16: 1425617.1 | G16: 5501 | H16: 1245540.7 | I16: 81813.84 | J16: 0 | K16: n.d. | L16: n.d. | M16: =IF(COUNT(H16,I16,J16)=3,SUM(H16,I16,J16),"n.d.") -> 1327354.5 | N16: 4888 | O16: =IF(COUNT(F16,M16)=2,F16-M16,"n.d.") -> 98262.6 | P16: =IF(COUNT(G16,N16)=2,G16-N16,"n.d.") -> 613 | Q16: =SUMIFS('Taux'!$D$6:$D$10,'Taux'!$A$6:$A$10,A16,'Taux'!$B$6:$B$10,D16) -> 1 | R16: =IF(COUNT(F16,Q16)=2,F16/Q16,"n.d.") -> 1425617.1 | S16: =IF(COUNT(M16,Q16)=2,M16/Q16,"n.d.") -> 1327354.5 | T16: =IF(OR(COUNT(F16,M16)<>2,F16=0),"n.d.",M16/F16) -> 0.93107364 | U16: =IF(OR(COUNT(G16,N16)<>2,G16=0),"n.d.",N16/G16) -> 0.88856572 | V16: 1327354.5 | W16: ITALY.xlsx!KPI_2!D27:D39
A17: 2026Q2 | B17: IT | C17: Italy | D17: EUR | E17: 46174 | F17: 977488.48 | G17: 4259 | H17: 448642.78 | I17: 68129.11 | J17: 0 | K17: n.d. | L17: n.d. | M17: =IF(COUNT(H17,I17,J17)=3,SUM(H17,I17,J17),"n.d.") -> 516771.89 | N17: 2107 | O17: =IF(COUNT(F17,M17)=2,F17-M17,"n.d.") -> 460716.59 | P17: =IF(COUNT(G17,N17)=2,G17-N17,"n.d.") -> 2152 | Q17: =SUMIFS('Taux'!$D$6:$D$10,'Taux'!$A$6:$A$10,A17,'Taux'!$B$6:$B$10,D17) -> 1 | R17: =IF(COUNT(F17,Q17)=2,F17/Q17,"n.d.") -> 977488.48 | S17: =IF(COUNT(M17,Q17)=2,M17/Q17,"n.d.") -> 516771.89 | T17: =IF(OR(COUNT(F17,M17)<>2,F17=0),"n.d.",M17/F17) -> 0.52867313 | U17: =IF(OR(COUNT(G17,N17)<>2,G17=0),"n.d.",N17/G17) -> 0.49471707 | V17: 516771.89 | W17: ITALY.xlsx!KPI_2!C27:C39
... A23: 2026Q2 | B23: ZA | C23: South Africa | D23: ZAR | E23: 46174 | F23: 4224061.3 | G23: 24203 | H23: 0 | I23: 0 | J23: 22298.12 | K23: n.d. | L23: n.d. | M23: =IF(COUNT(H23,I23,J23)=3,SUM(H23,I23,J23),"n.d.") -> 22298.12 | N23: 7621 | O23: =IF(COUNT(F23,M23)=2,F23-M23,"n.d.") -> 4201763.2 | P23: =IF(COUNT(G23,N23)=2,G23-N23,"n.d.") -> 16582 | Q23: =SUMIFS('Taux'!$D$6:$D$10,'Taux'!$A$6:$A$10,A23,'Taux'!$B$6:$B$10,D23) -> 18.722828 | R23: =IF(COUNT(F23,Q23)=2,F23/Q23,"n.d.") -> 225610.21 | S23: =IF(COUNT(M23,Q23)=2,M23/Q23,"n.d.") -> 1190.9589 | T23: =IF(OR(COUNT(F23,M23)<>2,F23=0),"n.d.",M23/F23) -> 0.0052788343 | U23: =IF(OR(COUNT(G23,N23)<>2,G23=0),"n.d.",N23/G23) -> 0.31487832 | V23: 22298.12 | W23: RCS.xlsx!KPI_2!C27:C39
A24: 2026Q2 | B24: DK | C24: Denmark | D24: DKK | E24: 46023 | F24: 130636.08 | G24: 394 | H24: 119420 | I24: n.d. | J24: n.d. | K24: 0 | L24: 11216.08 | M24: =IF(COUNT(H24,K24,L24)=3,SUM(H24,K24,L24),"n.d.") -> 130636.08 | N24: 394 | O24: =IF(COUNT(F24,M24)=2,F24-M24,"n.d.") -> 0 | P24: =IF(COUNT(G24,N24)=2,G24-N24,"n.d.") -> 0 | Q24: =SUMIFS('Taux'!$D$6:$D$10,'Taux'!$A$6:$A$10,A24,'Taux'!$B$6:$B$10,D24) -> 7.4746711 | R24: =IF(COUNT(F24,Q24)=2,F24/Q24,"n.d.") -> 17477.168 | S24: =IF(COUNT(M24,Q24)=2,M24/Q24,"n.d.") -> 17477.168 | T24: =IF(OR(COUNT(F24,M24)<>2,F24=0),"n.d.",M24/F24) -> 1 | U24: =IF(OR(COUNT(G24,N24)<>2,G24=0),"n.d.",N24/G24) -> 1 | V24: 130636.08 | W24: NORDICS.xlsx!DEN_KPI_2!H35:H55
A25: 2026Q2 | B25: DK | C25: Denmark | D25: DKK | E25: 46054 | F25: 256641.26 | G25: 400 | H25: 99095.9 | I25: n.d. | J25: n.d. | K25: 0 | L25: 156607.86 | M25: =IF(COUNT(H25,K25,L25)=3,SUM(H25,K25,L25),"n.d.") -> 255703.76 | N25: 399 | O25: =IF(COUNT(F25,M25)=2,F25-M25,"n.d.") -> 937.5 | P25: =IF(COUNT(G25,N25)=2,G25-N25,"n.d.") -> 1 | Q25: =SUMIFS('Taux'!$D$6:$D$10,'Taux'!$A$6:$A$10,A25,'Taux'!$B$6:$B$10,D25) -> 7.4746711 | R25: =IF(COUNT(F25,Q25)=2,F25/Q25,"n.d.") -> 34334.79 | S25: =IF(COUNT(M25,Q25)=2,M25/Q25,"n.d.") -> 34209.366 | T25: =IF(OR(COUNT(F25,M25)<>2,F25=0),"n.d.",M25/F25) -> 0.99634704 | U25: =IF(OR(COUNT(G25,N25)<>2,G25=0),"n.d.",N25/G25) -> 0.9975 | V25: 255703.76 | W25: NORDICS.xlsx!DEN_KPI_2!G35:G55
A26: 2026Q2 | B26: DK | C26: Denmark | D26: DKK | E26: 46082 | F26: 111294.43 | G26: 372 | H26: 93872.87 | I26: n.d. | J26: n.d. | K26: 0 | L26: 14652.77 | M26: =IF(COUNT(H26,K26,L26)=3,SUM(H26,K26,L26),"n.d.") -> 108525.64 | N26: 367 | O26: =IF(COUNT(F26,M26)=2,F26-M26,"n.d.") -> 2768.79 | P26: =IF(COUNT(G26,N26)=2,G26-N26,"n.d.") -> 5 | Q26: =SUMIFS('Taux'!$D$6:$D$10,'Taux'!$A$6:$A$10,A26,'Taux'!$B$6:$B$10,D26) -> 7.4746711 | R26: =IF(COUNT(F26,Q26)=2,F26/Q26,"n.d.") -> 14889.542 | S26: =IF(COUNT(M26,Q26)=2,M26/Q26,"n.d.") -> 14519.119 | T26: =IF(OR(COUNT(F26,M26)<>2,F26=0),"n.d.",M26/F26) -> 0.97512194 | U26: =IF(OR(COUNT(G26,N26)<>2,G26=0),"n.d.",N26/G26) -> 0.98655914 | V26: 108525.64 | W26: NORDICS.xlsx!DEN_KPI_2!F35:F55
A27: 2026Q2 | B27: DK | C27: Denmark | D27: DKK | E27: 46113 | F27: 112393.35 | G27: 359 | H27: 78374.69 | I27: n.d. | J27: n.d. | K27: 0 | L27: 12653.27 | M27: =IF(COUNT(H27,K27,L27)=3,SUM(H27,K27,L27),"n.d.") -> 91027.96 | N27: 223 | O27: =IF(COUNT(F27,M27)=2,F27-M27,"n.d.") -> 21365.39 | P27: =IF(COUNT(G27,N27)=2,G27-N27,"n.d.") -> 136 | Q27: =SUMIFS('Taux'!$D$6:$D$10,'Taux'!$A$6:$A$10,A27,'Taux'!$B$6:$B$10,D27) -> 7.4746711 | R27: =IF(COUNT(F27,Q27)=2,F27/Q27,"n.d.") -> 15036.561 | S27: =IF(COUNT(M27,Q27)=2,M27/Q27,"n.d.") -> 12178.189 | T27: =IF(OR(COUNT(F27,M27)<>2,F27=0),"n.d.",M27/F27) -> 0.80990521 | U27: =IF(OR(COUNT(G27,N27)<>2,G27=0),"n.d.",N27/G27) -> 0.62116992 | V27: 91027.96 | W27: NORDICS.xlsx!DEN_KPI_2!E35:E55
A28: 2026Q2 | B28: DK | C28: Denmark | D28: DKK | E28: 46143 | F28: 162509.23 | G28: 361 | H28: 28482.28 | I28: n.d. | J28: n.d. | K28: 0 | L28: 36540.14 | M28: =IF(COUNT(H28,K28,L28)=3,SUM(H28,K28,L28),"n.d.") -> 65022.42 | N28: 69 | O28: =IF(COUNT(F28,M28)=2,F28-M28,"n.d.") -> 97486.81 | P28: =IF(COUNT(G28,N28)=2,G28-N28,"n.d.") -> 292 | Q28: =SUMIFS('Taux'!$D$6:$D$10,'Taux'!$A$6:$A$10,A28,'Taux'!$B$6:$B$10,D28) -> 7.4746711 | R28: =IF(COUNT(F28,Q28)=2,F28/Q28,"n.d.") -> 21741.322 | S28: =IF(COUNT(M28,Q28)=2,M28/Q28,"n.d.") -> 8699.0343 | T28: =IF(OR(COUNT(F28,M28)<>2,F28=0),"n.d.",M28/F28) -> 0.40011524 | U28: =IF(OR(COUNT(G28,N28)<>2,G28=0),"n.d.",N28/G28) -> 0.19113573 | V28: 65022.42 | W28: NORDICS.xlsx!DEN_KPI_2!D35:D55
A29: 2026Q2 | B29: DK | C29: Denmark | D29: DKK | E29: 46174 | F29: 87448.33 | G29: 296 | H29: 12784.95 | I29: n.d. | J29: n.d. | K29: 0 | L29: 14924.06 | M29: =IF(COUNT(H29,K29,L29)=3,SUM(H29,K29,L29),"n.d.") -> 27709.01 | N29: 38 | O29: =IF(COUNT(F29,M29)=2,F29-M29,"n.d.") -> 59739.32 | P29: =IF(COUNT(G29,N29)=2,G29-N29,"n.d.") -> 258 | Q29: =SUMIFS('Taux'!$D$6:$D$10,'Taux'!$A$6:$A$10,A29,'Taux'!$B$6:$B$10,D29) -> 7.4746711 | R29: =IF(COUNT(F29,Q29)=2,F29/Q29,"n.d.") -> 11699.288 | S29: =IF(COUNT(M29,Q29)=2,M29/Q29,"n.d.") -> 3707.0541 | T29: =IF(OR(COUNT(F29,M29)<>2,F29=0),"n.d.",M29/F29) -> 0.31686151 | U29: =IF(OR(COUNT(G29,N29)<>2,G29=0),"n.d.",N29/G29) -> 0.12837838 | V29: 27709.01 | W29: NORDICS.xlsx!DEN_KPI_2!C35:C55
A30: 2026Q2 | B30: NO | C30: Norway | D30: NOK | E30: 46023 | F30: 112887.14 | G30: 266 | H30: 93038.16 | I30: n.d. | J30: n.d. | K30: 0 | L30: 13190.5 | M30: =IF(COUNT(H30,K30,L30)=3,SUM(H30,K30,L30),"n.d.") -> 106228.66 | N30: 264 | O30: =IF(COUNT(F30,M30)=2,F30-M30,"n.d.") -> 6658.48 | P30: =IF(COUNT(G30,N30)=2,G30-N30,"n.d.") -> 2 | Q30: =SUMIFS('Taux'!$D$6:$D$10,'Taux'!$A$6:$A$10,A30,'Taux'!$B$6:$B$10,D30) -> 11.311265 | R30: =IF(COUNT(F30,Q30)=2,F30/Q30,"n.d.") -> 9980.0635 | S30: =IF(COUNT(M30,Q30)=2,M30/Q30,"n.d.") -> 9391.4043 | T30: =IF(OR(COUNT(F30,M30)<>2,F30=0),"n.d.",M30/F30) -> 0.94101649 | U30: =IF(OR(COUNT(G30,N30)<>2,G30=0),"n.d.",N30/G30) -> 0.9924812 | V30: 106228.66 | W30: NORDICS.xlsx!NOR_KPI_2!H35:H55
